項番,エリア,商店会,共通券,応援券,店舗名,業種,電話番号,住所,URL,削除フラグ
1,四谷,四谷一栄会,1,1,（株）仲芳屋,文具店,03-3359-8601,東京都新宿区四谷1-3,,0
2,四谷,四谷一栄会,1,1,いーぐる,喫茶店・カフェ,03-3357-9857,東京都新宿区四谷1-8,,0
3,四谷,四谷一栄会,1,1,フルール杏樹,生花・植木販売,03-5367-5682,東京都新宿区四谷1-18 明華ビル1階,https://www.f-anju.com,0
4,四谷,四谷一栄会,1,1,まうまう四ツ谷　長崎歳時記,居酒屋・ダイニングバー,080-4180-5631,東京都新宿区四谷1-10-2,https://tabelog.com/tokyo/A1309/A130902/13283704/,0
5,四谷,四谷一栄会,1,1,朝倉メガネ,眼鏡・コンタクトレンズ販売,03-3357-2251,東京都新宿区四谷1-8,http://www.asakuramegane.com,0
6,四谷,四谷一栄会,1,1,株式会社有明家,食料品販売,03-3351-1802,東京都新宿区四谷1-9,http://www.ariakeya.com/,0
7,四谷,四谷一栄会,1,1,鮨處　八千代　四ツ谷店,寿司,03-6273-1226,東京都新宿区四谷1-19 第一上野ビル1F,https://www.sushi-yachiyo.com/homepage/index.html,0
8,四谷,荒木町商店会,1,1,BAR FULLHOUSE,バー・スナック・パブ,080-4415-9050,東京都新宿区荒木町1-6 一番館ビル3F,,0
9,四谷,荒木町商店会,1,1,cosmologia,フレンチ・イタリアン,03-6273-0714,東京都新宿区荒木町23-15 アケボノ大鉄1F,https://cosmologia.jp/,0
10,四谷,荒木町商店会,1,1,Winebar honest オネスト,バー・スナック・パブ,090-2727-1132,東京都新宿区荒木町3-7 駒ビルB1,https://g.co/kgs/6eYC8mi,0
11,四谷,荒木町商店会,1,1,かなえ,居酒屋・ダイニングバー,080-7171-3974,東京都新宿区荒木町7-1 野崎ビル103,https://arakicho-kanae.com,0
12,四谷,荒木町商店会,1,1,スナックBAR　とうきび．,バー・スナック・パブ,03-5990-2399,東京都新宿区荒木町7 丸山ビル　1F-102,,0
13,四谷,荒木町商店会,1,0,ダイエー四谷荒木町店,スーパーマーケット,03-3350-3504,東京都新宿区荒木町23-4,,0
14,四谷,荒木町商店会,1,1,タブラオ　カサアルティスタ,居酒屋・ダイニングバー,03-6684-0356,東京都新宿区荒木町3-7 駒ビルB1,https://tablao-casa-artista.com,0
15,四谷,荒木町商店会,1,1,とらっとりあ　まる。,洋食・レストラン,03-6274-8963,東京都新宿区荒木町3-23 国都マンション四谷1F,https://trattoria-mar.com,0
16,四谷,荒木町商店会,1,1,ピガール,バー・スナック・パブ,03-3357-7782,東京都新宿区荒木町1-8,,0
17,四谷,荒木町商店会,1,1,四谷琉球,居酒屋・ダイニングバー,070-8951-5266,東京都新宿区荒木町3-2,http://www.yotuya-ryukyu.com/,0
18,四谷,荒木町商店会,1,1,宇な米,その他飲食店,03-3351-0405,東京都新宿区荒木町2 前田ビル,,0
19,四谷,荒木町商店会,1,1,株式会社トランスミックス,その他サービス業,03-5369-9020,東京都新宿区荒木町23 鈴商ビル2F,https://www.transmix.jp/,0
20,四谷,荒木町商店会,1,1,訳あって人気です,バー・スナック・パブ,080-4687-3150,東京都新宿区荒木町15 サンシャトー四谷202,https://www.instagram.com/wake_atte_ninki_desu/profilecard/?igsh=ZnBjdjU2YWE0NGg0,0
21,四谷,四谷二丁目発展会,1,1,（株）ハーマン,衣料品・寝具販売,03-3357-1557,東京都新宿区四谷2-3-6 パルム四谷,https://www.harman-yotsuya.co.jp,0
22,四谷,四谷二丁目発展会,1,1,CRUZ BURGERS,洋食・レストラン,03-6457-7706,東京都新宿区四谷三栄町15-6 小椋ビル　101,https://cruzburgers.eeat.jp/,0
23,四谷,四谷二丁目発展会,1,1,アンポルテ,その他の業種,03-3357-5821,東京都新宿区四谷2-14-9 森田屋ビル裏2階,,0
24,四谷,四谷二丁目発展会,1,1,カクヤス四谷店,酒店,03-5366-2581,東京都新宿区四谷2-8-8 第５三和ビル,https://www.kakuyasu.co.jp/store/app/shop/714-yotsuya/,0
25,四谷,四谷二丁目発展会,1,0,ココカラファイン四谷店,ドラッグストア,03-5368-2350,東京都新宿区四谷2-1-3,,0
26,四谷,四谷二丁目発展会,1,1,たん焼　忍,居酒屋・ダイニングバー,03-3355-6338,東京都新宿区四谷三栄町14-4 松啓ビル,https://tanyakishinobu.com/,0
27,四谷,四谷二丁目発展会,1,0,マルエツプチ四谷二丁目店,スーパーマーケット,03-3356-2440,東京都新宿区四谷2-1-1,,0
28,四谷,四谷二丁目発展会,1,1,ラパン,フレンチ・イタリアン,03-3358-0656,東京都新宿区四谷2-14-9 森田屋ビル2F,,0
29,四谷,四谷二丁目発展会,1,1,ル・サイク四谷店,その他小売店,03-5368-2417,東京都新宿区四谷2-9,https://www.cyclespot.net/,0
30,四谷,四谷二丁目発展会,1,1,支那そば屋こうや,ラーメン,03-3351-1756,東京都新宿区四谷1-23 上野KGビル1F,https://tabelog.com/tokyo/A1309/A130902/13000840/?lid=owner_rst-top-jitempo_pc,0
31,四谷,四谷二丁目発展会,1,1,浜善海苔店,食料品販売,03-3351-5607,東京都新宿区四谷2-8,https://www.instagram.com/nori_hamazen/,0
32,四谷,四谷二丁目発展会,1,1,魚の金駒,食料品販売,03-3351-4306,東京都新宿区四谷2-8,,0
33,四谷,四谷三丁目商店街振興組合,1,1,Bar El Rocio,バー・スナック・パブ,03-6273-0462,東京都新宿区四谷3-4-8 シャンブル戸張ビル２階,https://Instagram.com/barelrocio/,0
34,四谷,四谷三丁目商店街振興組合,1,1,オステリアクワトロヴァッリ,フレンチ・イタリアン,03-3341-0396,東京都新宿区四谷3-9-11 四谷シンコービル3F,https://www.quattro-valli.com/,0
35,四谷,四谷三丁目商店街振興組合,1,1,こあがり,バー・スナック・パブ,03-3351-8367,東京都新宿区四谷3-2,,0
36,四谷,四谷三丁目商店街振興組合,1,1,ドトールコーヒーショップ四谷三丁目店,喫茶店・カフェ,03-3351-5223,東京都新宿区四谷3-9 オリオンビル,https://share.google/RNkcd8b6dAp8nRb0G,0
37,四谷,四谷三丁目商店街振興組合,1,0,ベストメガネコンタクト四ツ谷三丁目駅前店,眼鏡・コンタクトレンズ販売,03-6380-6739,東京都新宿区四谷3-7-24 ロイクラトン四谷三丁目の青い空ビル１F,https://www.bm1.jp/,0
38,四谷,四谷三丁目商店街振興組合,1,1,丸正食品　総本店,スーパーマーケット,03-3357-4381,東京都新宿区四谷3-12 プラウドフラット四谷三丁目,https://marusho-honten.co.jp/,0
39,四谷,四谷三丁目商店街振興組合,1,1,和楽 文具,文具店,03-3351-6277,東京都新宿区四谷3-7 ワラクビル,https://www.office-japan.com/,0
40,四谷,四谷三丁目商店街振興組合,1,1,大角玉屋　四谷店,食料品販売,03-3358-8612,東京都新宿区四谷3-6,https://www.oosumi-tamaya.co.jp/,0
41,四谷,四谷三丁目商店街振興組合,1,1,妻家房　四谷本店,中華料理・韓国料理,03-3354-0100,東京都新宿区四谷3-10-25,https://www.saikabo.com,0
42,四谷,四谷三丁目商店街振興組合,1,1,快生堂小林薬局,ドラッグストア,03-3351-1013,東京都新宿区四谷3-5 快生堂ビル,,0
43,四谷,四谷三丁目商店街振興組合,1,1,日がさ雨がさ,居酒屋・ダイニングバー,03-3225-0267,東京都新宿区四谷3-9-11 四谷シンコービル7F,https://higasaamagasa.com,0
44,四谷,四谷三丁目商店街振興組合,1,1,旨処　花我味,和食・大衆食堂,03-6380-1786,東京都新宿区四谷3-8 メトロビル4F,,0
45,四谷,四谷三丁目商店街振興組合,1,1,有限会社尾張屋うどん店,そば・うどん,03-3351-3909,東京都新宿区四谷3-9 尾張屋ビル,,0
46,四谷,四谷三丁目商店街振興組合,1,1,木挽町大野,和食・大衆食堂,03-3353-5455,東京都新宿区四谷3-6,http://tyatyatyatya.blogspot.com/,0
47,四谷,四谷三丁目商店街振興組合,1,1,栗原豆腐店,食料品販売,03-3351-2665,東京都新宿区四谷3-1-12,,0
48,四谷,四谷三丁目商店街振興組合,1,1,錦松梅四谷本店,食料品販売,03-3359-0111,東京都新宿区四谷3-7,https://www.kinshobai.co.jp,0
49,四谷,四谷三丁目商店街振興組合,1,1,點水樓,中華料理・韓国料理,03-6709-9681,東京都新宿区四谷3-13-23,https://www.dsljp.co.jp/,0
50,四谷,四谷三丁目商店街振興組合,1,0,龍生堂薬局　四谷三丁目店,ドラッグストア,03-5368-3042,東京都新宿区四谷3-12,https://www.ryuseido.co.jp,0
51,四谷,四谷四丁目商交会,1,1,music bar avantime,バー・スナック・パブ,050-3561-3090,東京都新宿区四谷4-28-20-201 パレ・エテルネル,https://www.instagram.com/music.bar.avantime/,0
52,四谷,四谷四丁目商交会,1,1,セブンイレブン四谷４丁目店,コンビニエンスストア,03-3355-6052,東京都新宿区四谷4-3,,0
53,四谷,四谷四丁目商交会,1,1,タイ料理チャーンタイ,その他飲食店,090-2566-8844,東京都新宿区四谷4-28-2 みますびる101,,0
54,四谷,四谷四丁目商交会,1,1,チャイニーズダイニングトランプ,中華料理・韓国料理,080-2270-4280,東京都新宿区四谷4-25,,0
55,四谷,四谷四丁目商交会,1,1,ディップパレス四谷4丁目店,カレー・エスニック料理,080-7041-7202,東京都新宿区四谷4-7 小林ビル１F,,0
56,四谷,四谷四丁目商交会,1,1,トリプル・ＩＶ（フォー）,バー・スナック・パブ,03-3354-2072,東京都新宿区四谷4-28-7 吉岡ビル2階,http://toripuru4.jimdofree.com/,0
57,四谷,四谷四丁目商交会,1,1,ビストロマガザンルージュ,フレンチ・イタリアン,03-5341-4250,東京都新宿区四谷4-28-20 パレエテルネル108,https://magasinrouge.com/,0
58,四谷,四谷四丁目商交会,1,1,中国料理木蘭,中華料理・韓国料理,03-3352-8307,東京都新宿区四谷4-28-20 パレエテルネル109,,0
59,四谷,四谷四丁目商交会,1,1,味遊心　中屋,そば・うどん,03-3351-3733,東京都新宿区四谷4-13,,0
60,四谷,四谷四丁目商交会,1,1,四谷大木戸 藪蕎麦,そば・うどん,03-3351-2514,東京都新宿区四谷4-7,https://www.okido-yabu.com/,0
61,四谷,四谷四丁目商交会,1,1,大木戸 多満川,和食・大衆食堂,03-3353-0887,東京都新宿区四谷4-25,,0
62,四谷,四谷四丁目商交会,1,1,宇宙村,その他小売店,03-3341-5239,東京都新宿区四谷4-28-20 パレ・エテルネル105号,https://www.uchumura.com/,0
63,四谷,四谷四丁目商交会,1,1,江本商店,文具店,03-3353-6890,東京都新宿区四谷4-28,,0
64,四谷,四谷四丁目商交会,1,1,満月四谷店,寿司,03-5379-8808,東京都新宿区四谷4-6-10 ビクトリアセンター１F,,0
65,四谷,四谷四丁目商交会,1,1,蔦の家,食料品販売,03-3357-8337,東京都新宿区四谷4-3-2 中川ビル1階,https://www.tutanoya.com,0
66,四谷,四谷四丁目商交会,1,1,西村写真館,その他サービス業,03-3351-5612,東京都新宿区四谷4-7,https://www.ekiten.jp/shop_2968037/,0
67,四谷,四谷四丁目商交会,1,1,路地カフェ　えにし,喫茶店・カフェ,070-8469-1772,東京都新宿区四谷4-18-66 アトリエ三つ葉,,0
68,四谷,四谷四丁目商交会,1,1,高岡屋常川畳店,その他小売店,03-3351-8611,東京都新宿区四谷4-18-2,http://takaokaya.web.fc2.com/,0
69,四谷,杉大門通り商店街人気会,1,1,junon四谷三丁目店,理容業・美容業,03-6273-0623,東京都新宿区荒木町1-22 四谷マンション1階,http://sarabeauty.co.jp,0
70,四谷,杉大門通り商店街人気会,1,1,Vinoteca Q.V.T.C. Da Salice,フレンチ・イタリアン,03-6457-8983,東京都新宿区荒木町1-2,http://www.da-salice.com,0
71,四谷,杉大門通り商店街人気会,1,1,セブン-イレブン新宿舟町店,コンビニエンスストア,03-3359-7110,東京都新宿区舟町11-21,,0
72,四谷,杉大門通り商店街人気会,1,1,舟町鮨やました,寿司,080-2365-1697,東京都新宿区舟町8-3 田澤四谷ビル1階,,0
73,四谷,杉大門通り商店街人気会,1,1,荒木町きんつぎ,和食・大衆食堂,03-6709-8704,東京都新宿区四谷3-3-6 アイエス共同ビル3B1,,0
74,四谷,杉大門通り商店街人気会,1,1,音威子府TOKYO,そば・うどん,03-6457-7590,東京都新宿区舟町3-6 今塚ビル,https://s.tabelog.com/tokyo/A1309/A130903/13239730/,0
75,四谷,杉大門通り商店街人気会,1,1,鮨處　八千代,寿司,03-3357-1561,東京都新宿区荒木町2-18 四谷斉藤ビル１F,https://www.sushi-yachiyo.com/homepage/index.html,0
76,四谷,左門町振興会,1,1,セブン-イレブン 新宿左門町店,コンビニエンスストア,03-3355-7306,東京都新宿区左門町2-6 ワコービル1F,,0
77,四谷,左門町振興会,1,1,ファミリー電気,家電販売,03-3357-0622,東京都新宿区左門町1-19,,0
78,四谷,左門町振興会,1,1,勝川畜産食品株式会社　兵庫屋,食料品販売,03-3351-2383,東京都新宿区左門町3-1,,0
79,四谷,大京町商店会,1,1,セイヨウドウ,日用雑貨販売,03-3351-2427,東京都新宿区大京町13,,0
80,四谷,信濃町商店振興会,1,1,LUK’s,理容業・美容業,03-6274-8758,東京都新宿区信濃町2 キクビル102,http://www.luks-hair.com/,0
81,四谷,信濃町商店振興会,1,1,PRONTOアトレ信濃町,喫茶店・カフェ,03-5990-2242,東京都新宿区信濃町34 アトレ信濃町,http://kouyu.co.jp,0
82,四谷,信濃町商店振興会,1,1,ＲＥＤ　ＣＨＩＬＩ,カレー・エスニック料理,03-6380-6503,東京都新宿区信濃町11-4 五十嵐ビルB1,https://red-chili.jp/,0
83,四谷,信濃町商店振興会,1,1,イタリアンバルFuku,フレンチ・イタリアン,03-6328-9042,東京都新宿区信濃町20 花村ビル102,https://fuku1970.foodre.jp/,0
84,四谷,信濃町商店振興会,1,1,セブンイレブン新宿信濃町店,コンビニエンスストア,03-3354-5133,東京都新宿区信濃町1-2 Arbor yotsuya 1F,,0
85,四谷,信濃町商店振興会,1,1,バール＝タラ,カレー・エスニック料理,03-6457-4656,東京都新宿区信濃町34 トーシン信濃町駅前ビルB1,https://bartara.com,0
86,四谷,信濃町商店振興会,1,1,ヒカリ薬局信濃町店,ドラッグストア,03-3350-0967,東京都新宿区南元町19 シナノビル南口館B1F,https://hikariyakkyoku.main.jp,0
87,四谷,信濃町商店振興会,1,1,ワイズマートアトレ信濃町店,スーパーマーケット,03-6380-5111,東京都新宿区信濃町34 アトレ信濃町1F,https://www.ysmart.co.jp,0
88,四谷,信濃町商店振興会,1,1,中国料理はくぶん,中華料理・韓国料理,03-3357-2564,東京都新宿区信濃町30,,0
89,四谷,信濃町商店振興会,1,1,博文堂書店本店,書店,03-3359-5301,東京都新宿区信濃町34,,0
90,四谷,信濃町商店振興会,1,1,博文栄光堂１号館,その他小売店,03-5379-7821,東京都新宿区信濃町34,,0
91,四谷,信濃町商店振興会,1,1,博文栄光堂２号館,その他小売店,03-5379-7821,東京都新宿区信濃町34,,0
92,四谷,信濃町商店振興会,1,1,博文栄光堂ショールーム,その他小売店,03-5379-7821,東京都新宿区信濃町34,,0
93,四谷,信濃町商店振興会,1,1,株式会社シナノ眼鏡,眼鏡・コンタクトレンズ販売,03-3341-2651,東京都新宿区信濃町21 大門ビル1F,,0
94,四谷,信濃町商店振興会,1,1,株式会社花喜太,生花・植木販売,03-3353-4187,東京都新宿区南元町4 信濃町グリーンビル1F,,0
95,四谷,信濃町商店振興会,1,1,欧風カレー　グレース,カレー・エスニック料理,03-3226-3380,東京都新宿区左門町21-3 ニュー信濃町ハイツ101,,0
96,四谷,信濃町商店振興会,1,1,満月,和食・大衆食堂,03-3226-3304,東京都新宿区信濃町31,,0
97,四谷,信濃町商店振興会,1,1,珈琲壹番館,喫茶店・カフェ,03-3355-1221,東京都新宿区信濃町30 松本ビル1F,,0
98,四谷,信濃町商店振興会,1,1,神田　尾張屋　信濃町店,そば・うどん,03-3358-8218,東京都新宿区信濃町10 田辺ビル1F,,0
99,四谷,信濃町商店振興会,1,1,美容室すずらん,理容業・美容業,03-3359-7338,東京都新宿区信濃町30,,0
100,四谷,信濃町商店振興会,1,1,角打ち大越酒店,酒店,03-3351-8841,東京都新宿区信濃町2-3,,0
101,四谷,四谷駅前新道会,1,1,インド料理　ムンバイ　四谷店,カレー・エスニック料理,03-3350-0777,東京都新宿区四谷1-8-6 ホリナカビル1F/2F,https://mumbaijapan.com/yotsuya/,0
102,四谷,四谷駅前新道会,1,1,エル・アルボル（メキシカンレストラン）,カレー・エスニック料理,03-3357-6868,東京都新宿区四谷1-7 第2鹿倉ビル1F,,0
103,四谷,四谷駅前新道会,1,1,おでん屋ｄｅｎ,和食・大衆食堂,03-5379-8573,東京都新宿区四谷1-8 中川ビルB1F,,0
104,四谷,四谷駅前新道会,1,1,サルサカバナ,洋食・レストラン,03-3225-1774,東京都新宿区四谷1-20-9 小島ビル1階,https://www.salsa-cabana.com,0
105,四谷,四谷駅前新道会,1,1,シナモンガーデン　ＲＩＣＥ＆ＣＵＲＲＹ　四ツ谷店,カレー・エスニック料理,03-6273-2442,東京都新宿区四谷1-7-27 第43東京ビル2F,https://www.cinnamon-garden.com/,0
106,四谷,四谷駅前新道会,1,1,スペインバル オブラ　四谷,居酒屋・ダイニングバー,03-3226-3001,東京都新宿区四谷1-8-8 佐伯千成ビル1F,https://s.tabelog.com/tokyo/A1309/A130902/13125429/,0
107,四谷,四谷駅前新道会,1,1,ホテルニューショーヘイ,ホテル・旅館,03-3357-0551,東京都新宿区四谷1-7-9 ホテルニューショーヘイ,https://hotel-new-shohei.jp/,0
108,四谷,四谷駅前新道会,1,1,姜太公 四谷店,中華料理・韓国料理,03-3351-1030,東京都新宿区四谷1-7,,0
109,四谷,四谷駅前新道会,1,1,小松屋　小泉豆腐店,食料品販売,03-3351-7877,東京都新宿区四谷1-20,,0
110,四谷,四谷駅前新道会,1,0,株式会社ライフコーポレーション　コモレ四谷店,スーパーマーケット,03-3358-5060,東京都新宿区四谷1-6-1,http://www.lifecorp.jp/,0
111,四谷,四谷駅前新道会,1,1,海鮮炭焼処源や本店,居酒屋・ダイニングバー,03-3355-2545,東京都新宿区四谷1-7-9 ホテルニューショーヘイ,https://yotsuya-genya.studio.site/,0
112,四谷,四谷駅前新道会,1,1,炭火焼肉　きらく亭,焼肉・鉄板焼,03-5269-5552,東京都新宿区四谷1-3 三陽ビル1階,https://map.yahoo.co.jp/v3/place/BV9JnplW24Y?fr=sydd_p-grmspot-1-header_gs-ttl&from_srv=search_web,0
113,四谷,四谷駅前新道会,1,1,直心,居酒屋・ダイニングバー,03-5368-0522,東京都新宿区四谷1-7 第二鹿倉ビルB1,,0
114,四谷,四谷駅前新道会,1,1,肉汁餃子のダンダダン　四ツ谷店,居酒屋・ダイニングバー,03-6457-4414,東京都新宿区四谷1-7-14 四谷鈴木ビル2階,https://www.dandadan.jp/shop/,0
115,四谷,四谷駅前新道会,1,1,餃子酒場四谷本店,居酒屋・ダイニングバー,03-3354-3008,東京都新宿区四谷1-19 アーバンビル1F,,0
116,新宿,新宿御苑前本通り商店会,1,1,イタリアンダイニングばさら,フレンチ・イタリアン,03-3356-3813,東京都新宿区新宿1-27-2 ルミエール御苑1F,https://r.gnavi.co.jp/p965700/,0
117,新宿,新宿御苑前本通り商店会,1,1,グットドレザン,フレンチ・イタリアン,03-6273-1721,東京都新宿区新宿1-19-11 クサマビルB1,http://www.gouttederaisin.com,0
118,新宿,新宿御苑前本通り商店会,1,1,クラフトジン＆ウィスキーBar新宿蒸留,バー・スナック・パブ,080-6192-1334,東京都新宿区富久町16-10 ニューライフ新宿参番館 地下1階,https://shinjukudist.com/,0
119,新宿,新宿御苑前本通り商店会,1,1,株式会社ヴィド,日用雑貨販売,03-3358-1515,東京都新宿区新宿1-29-16-102 サンモール第二マンション,,0
120,新宿,新宿御苑前本通り商店会,1,1,株式会社コンドウ工務店,その他の業種,03-3356-1631,東京都新宿区新宿1-30-10,https://www.kondo-koumuten.co.jp/,0
121,新宿,新宿御苑前本通り商店会,1,1,牡蠣スター,フレンチ・イタリアン,03-6709-9880,東京都新宿区新宿1-23-5 サンサーラ御苑,,0
122,新宿,新宿御苑前本通り商店会,1,1,蕎麦酒場なかむら庵,そば・うどん,03-6037-7836,東京都新宿区新宿1-32-1 SKビル,,0
123,新宿,新宿御苑前本通り商店会,1,1,関西酒場らくだば,居酒屋・ダイニングバー,03-6457-4500,東京都新宿区新宿1-23-16 第2得丸ビル1F,http://www.rakudaba.com,0
124,新宿,新宿御苑前本通り商店会,1,1,香名屋　花園店,そば・うどん,03-3350-3987,東京都新宿区新宿1-15-18,,0
125,新宿,花園町親交会,1,1,5ban,紳士服販売,03-3356-2721,東京都新宿区新宿1-18-13 協建新宿一丁目ビル　一階,,0
126,新宿,花園町親交会,1,1,cocochiyo cafe,喫茶店・カフェ,03-6457-8114,東京都新宿区新宿1-20-6 石原共同ビル1F,https://www.cocochiyocafe.com,0
127,新宿,花園町親交会,1,1,TAMASAKA,居酒屋・ダイニングバー,03-5341-4783,東京都新宿区新宿1-16-9 シャンヴィラカテリーナ102,https://tamasaka-shinjuku.com/,0
128,新宿,花園町親交会,1,1,オリオール,フレンチ・イタリアン,03-3355-8447,東京都新宿区新宿1-3-12 壱丁目参番館101,https://www.aureole.ne.jp/,0
129,新宿,花園町親交会,1,1,カクヤス新宿1丁目店,酒店,03-5360-8908,東京都新宿区新宿1-34-12 新宿石井ビル,https://www.kakuyasu.co.jp/store/app/shop/718-shinjyuku1/,0
130,新宿,花園町親交会,1,1,セブンイレブン新宿１丁目北店,コンビニエンスストア,03-3354-3277,東京都新宿区新宿1-36-9,https://www.e-map.ne.jp/p/711map/dtl/466359/?&p_s1=40000&p_f2=1&p_f3=1&p_f4=1&cond40=1&cond41=1&&his=sw,0
131,新宿,花園町親交会,1,1,ファス美容室,理容業・美容業,03-3350-6371,東京都新宿区新宿1-20-6,,0
132,新宿,花園町親交会,1,1,中国料理　礼華,中華料理・韓国料理,03-5367-8355,東京都新宿区新宿1-3-12 壱丁目参番館ビル１階,https://www.rai-ka.com/shinjuku/,0
133,新宿,花園町親交会,1,1,北京飯店,中華料理・韓国料理,03-3352-0819,東京都新宿区新宿1-16-10 カテリーナネオハイツ102,,0
134,新宿,花園町親交会,1,1,株式会社文明堂東京　新宿本店,その他小売店,03-3352-2222,東京都新宿区新宿1-19-4,,0
135,新宿,花園町親交会,1,1,株式会社遠藤材木店,その他小売店,03-3352-7521,東京都新宿区新宿1-17-16,https://endo-zaimoku.com,0
136,新宿,花園町親交会,1,1,焼肉　幸家,焼肉・鉄板焼,03-6457-7006,東京都新宿区新宿1-18-9 パディアイル・カテリーナ,https://tabelog.com/tokyo/A1304/A130402/13258486,0
137,新宿,花園町親交会,1,1,焼肉うしかね,焼肉・鉄板焼,03-5357-7529,東京都新宿区新宿1-18-7 プラティーノ新宿御苑1階,https://tabelog.com/tokyo/A1304/A130402/13230987/,0
138,新宿,花園町親交会,1,1,牡蠣スター,フレンチ・イタリアン,03-6709-9880,東京都新宿区新宿1-23-5 サンサーラ御苑,,1
139,新宿,花園町親交会,1,1,相模屋,その他小売店,03-3352-8577,東京都新宿区新宿1-15-8 ANビル,,0
140,新宿,花園町親交会,1,1,花園電気商会,家電販売,03-3356-5501,東京都新宿区新宿1-17-16,http://www.hanazonodenki.com,0
141,新宿,花園町親交会,1,1,関西酒場らくだば,居酒屋・ダイニングバー,03-6457-4500,東京都新宿区新宿1-23-16 第2得丸ビル1F,http://www.rakudaba.com,1
142,新宿,花園町親交会,1,1,鳥焼おでん熊柳,和食・大衆食堂,03-6380-1441,東京都新宿区新宿1-18-7 プラティーノ新宿御苑2階,https://www.kumanagi.com/,0
143,新宿,新宿要通り共栄会,1,1,Bar BaoBab,居酒屋・ダイニングバー,03-5368-0636,東京都新宿区新宿3-10-7 馬酔木ビル2F,,0
144,新宿,新宿大通商店街振興組合,1,0,（株）世界堂　新宿本店,文具店,03-5379-1111,東京都新宿区新宿3-1-1,https://www.sekaido.co.jp,0
145,新宿,新宿大通商店街振興組合,1,1,アオキ靴店,靴・バッグ販売,03-3352-6001,東京都新宿区新宿3-35-1,https://www.aoki-shoes.jp,0
146,新宿,新宿大通商店街振興組合,1,0,サンドラッグ新宿通り店,ドラッグストア,03-5366-5762,東京都新宿区新宿3-26-14,https://www.sundrug.co.jp,0
147,新宿,新宿大通商店街振興組合,1,0,パーフェクトスーツファクトリー新宿東口店,紳士服販売,03-3358-4401,東京都新宿区新宿3-17-5 ニュー富士ビル1F,,0
148,新宿,新宿大通商店街振興組合,1,0,ビックカメラ新宿東口店,家電販売,03-3226-1111,東京都新宿区新宿3-29-1,https://www.biccamera.com/bc/i/shop/shoplist/shop116.jsp#bcs_information,0
149,新宿,新宿大通商店街振興組合,1,0,マツモトキヨシ新宿三丁目Part2店,ドラッグストア,03-5367-2018,東京都新宿区新宿3-17-2 ヒューリック新宿三丁目ビル,,0
150,新宿,新宿大通商店街振興組合,1,0,マツモトキヨシ新宿通り店,ドラッグストア,03-5369-6487,東京都新宿区新宿3-29-12,,0
151,新宿,新宿大通商店街振興組合,1,0,ルミネエスト新宿,百貨店・商業施設,0120-639-003,東京都新宿区新宿3-38-1,https://www.lumine.ne.jp/est/,0
152,新宿,新宿大通商店街振興組合,1,0,伊勢丹新宿店,百貨店・商業施設,03-3352-1111,東京都新宿区新宿3-14-1,https://www.mistore.jp/store/shinjuku.html,0
153,新宿,新宿大通商店街振興組合,1,0,新宿マルイアネックス,百貨店・商業施設,03-3354-0101,東京都新宿区新宿3-1-26,https://www.0101.co.jp/005/,0
154,新宿,新宿大通商店街振興組合,1,0,新宿マルイ本館,百貨店・商業施設,03-3354-0101,東京都新宿区新宿3-30-13,https://www.0101.co.jp/003/,0
155,新宿,新宿大通商店街振興組合,1,0,新宿中村屋グランナ,洋食・レストラン,03-3352-6167,東京都新宿区新宿3-26-13 新宿中村屋ビル8階,https://www.nakamuraya.co.jp/granna/,0
156,新宿,新宿大通商店街振興組合,1,0,新宿中村屋ボンナ,食料品販売,03-5362-7507,東京都新宿区新宿3-26-13 新宿中村屋ビル地下1階,https://www.nakamuraya.co.jp/bonna/,0
157,新宿,新宿大通商店街振興組合,1,0,新宿中村屋マンナ,洋食・レストラン,03-5362-7501,東京都新宿区新宿3-26-13 新宿中村屋ビル地下2階,https://www.nakamuraya.co.jp/manna/,0
158,新宿,新宿大通商店街振興組合,1,0,新宿高野本店「新宿本店タカノフルーツパーラー」,その他飲食店,03-5368-5147,東京都新宿区新宿3-26-11   5F,http://takano.jp/,0
159,新宿,新宿大通商店街振興組合,1,0,新宿高野本店Ｂ１Ｆフルーツギフトフロア,食料品販売,03-5368-5149,東京都新宿区新宿3-26-11   B1F,http://takano.jp/,0
160,新宿,新宿大通商店街振興組合,1,0,新宿高野本店Ｂ２Ｆオリジナルフード＆ギフトフロア,食料品販売,03-5368-5151,東京都新宿区新宿3-26-11 B2F,http://takano.jp/,0
161,新宿,新宿大通商店街振興組合,1,1,明治銃砲店,スポーツ用品店,03-3354-0531,東京都新宿区新宿2-8-15 パークフロント新宿201,http://meijigun.shop35.makeshop.jp/,0
162,新宿,新宿大通商店街振興組合,1,1,甲州屋呉服店,衣料品・寝具販売,03-3341-3043,東京都新宿区新宿2-5-11 甲州屋ビル6階,https://www.kousyuya.co.jp,0
163,新宿,新宿大通商店街振興組合,1,0,紀伊國屋書店　新宿本店,書店,03-3354-0131,東京都新宿区新宿3-17-7,https://store.kinokuniya.co.jp/store/shinjuku-main-store/,0
164,新宿,新宿大通商店街振興組合,1,1,追分だんご本舗,食料品販売,03-3351-0101,東京都新宿区新宿3-1-22,https://oiwakedango.co.jp/,0
165,新宿,新宿四丁目商店会,1,0,NEWoMan新宿店,百貨店・商業施設,03-5334-0550,東京都新宿区新宿4-1-6,https://www.newoman.jp/shinjuku/,0
166,新宿,新宿四丁目商店会,1,0,ヴィクトリアゴルフ新宿店,スポーツ用品店,03-3352-5281,東京都新宿区新宿4-1-10 ヴィクトリアゴルフ新宿,http://store.victoriagolf.supersports.com/22016,0
167,新宿,新宿四丁目商店会,1,0,ヴィクトリア新宿店,スポーツ用品店,03-3354-8311,東京都新宿区新宿4-1-14 ヴィクトリア新宿,http://store.victoria.supersports.com/21025,0
168,新宿,新宿四丁目商店会,1,0,エルブレス新宿店,スポーツ用品店,03-3354-8951,東京都新宿区新宿4-1-11 エルブレス新宿,https://store.lbreath.supersports.com/23013,0
169,新宿,新宿四丁目商店会,1,0,ゴルフパートナー　新宿南口店,スポーツ用品店,03-6273-0967,東京都新宿区新宿4-2-16,,0
170,新宿,新宿四丁目商店会,1,0,タカシマヤタイムズスクエア,百貨店・商業施設,03-5361-1111,東京都渋谷区千駄ヶ谷5-24-2 タイムズスクエアビル,,0
171,新宿,新宿四丁目商店会,1,0,髙島屋新宿店,百貨店・商業施設,03-5361-1111,東京都渋谷区千駄ヶ谷5-24-2,https://www.takashimaya.co.jp/shinjuku/,0
172,新宿,新宿三光商店街振興組合,1,1,BAR HIP,バー・スナック・パブ,03-3204-1522,東京都新宿区歌舞伎1-1-6,,0
173,新宿,末広通り商店会,1,1,一軒家イタリアン ELSA 本店,フレンチ・イタリアン,03-3357-9976,東京都新宿区新宿3-10-5 一軒家イタリアン ELSA,https://s.tabelog.com/tokyo/A1304/A130401/13012177/,0
174,新宿,末広通り商店会,1,1,個室居酒屋 花ぜん 東口別邸,居酒屋・ダイニングバー,03-3350-5944,東京都新宿区新宿3-10-3 東誠ビル１階,https://s.tabelog.com/tokyo/A1304/A130401/13173044/,0
175,新宿,末広通り商店会,1,1,新宿栄寿司本店,寿司,03-3351-2525,東京都新宿区新宿3-6-2,https://shinjuku-sakaezushi.com/,0
176,新宿,末広通り商店会,1,1,楽屋,喫茶店・カフェ,03-3351-4924,東京都新宿区新宿3-6-4 楽屋ビル2階,,0
177,新宿,末広通り商店会,1,1,絶品小籠包 満月廬 本店,中華料理・韓国料理,03-3358-0807,東京都新宿区新宿3-10-4 絶品小籠包 満月廬 本店,https://s.tabelog.com/tokyo/A1304/A130401/13000979/,0
178,新宿,末広通り商店会,1,1,農家の台所新宿三丁目店,和食・大衆食堂,03-3226-4831,東京都新宿区新宿3 高山ランド会館4階,https://tabelog.com/tokyo/A1304/A130401/13094046/,0
179,新宿,三番街商店会,1,1,ＭＩＯＡ　ｆｏｒ　ＶＡＬＬＥＹＬＩＶＩＮＧ,日用雑貨販売,03-3355-1231,東京都新宿区新宿5-11-24 クリーン11-1F,,0
180,新宿,三番街商店会,1,1,ＷＡＮＳＩＥ,衣料品・寝具販売,03-6384-2884,東京都新宿区新宿5-11-25 アソルティ新宿五丁目ビル102,,0
181,新宿,三番街商店会,1,1,台湾小皿料理荘園,中華料理・韓国料理,03-3350-7936,東京都新宿区新宿5-10-14 新宿NTビル1F,,0
182,新宿,三番街商店会,1,1,富士喜商店,酒店,03-3354-8601,東京都新宿区新宿5-10-5,,0
183,新宿,三番街商店会,1,1,私の串,居酒屋・ダイニングバー,070-9090-1194,東京都新宿区新宿5-10-4 B４ビル１F,https://tabelog.com/tokyo/A1304/A130401/13285157/,0
184,新宿,新宿東口商店街振興組合,1,1,YEBISU BAR（ヱビスバー） 新宿店,居酒屋・ダイニングバー,03-3352-6607,東京都新宿区新宿3-28-9 新宿ライオン会館　2F,https://www.ginzalion.jp/shop/brand/yebisubar/shinjukulionkaikan.html,0
185,新宿,新宿東口商店街振興組合,1,1,かに道楽　新宿駅前店,和食・大衆食堂,03-3350-0393,東京都新宿区新宿3-27-10 武蔵野ビル4階,https://douraku.co.jp/kanto/shinjyuku_st/,0
186,新宿,新宿東口商店街振興組合,1,0,サンドラッグ新宿中央東口店,ドラッグストア,03-5361-7037,東京都新宿区新宿3-26-2,https://www.sundrug.co.jp,0
187,新宿,新宿東口商店街振興組合,1,0,ドン・キホーテ新宿東南口別館,百貨店・商業施設,0570-067-876,東京都新宿区新宿3-35-16,https://www.donki.com/,0
188,新宿,新宿東口商店街振興組合,1,0,ドン・キホーテ新宿東南口店,百貨店・商業施設,0570-077-611,東京都新宿区新宿3-36-16,https://www.donki.com/,0
189,新宿,新宿東口商店街振興組合,1,1,ビヤホールライオン 新宿店,洋食・レストラン,03-3352-6606,東京都新宿区新宿3-28-9 新宿ライオン会館　B1F,https://www.ginzalion.jp/shop/brand/lion/shop26.html,0
190,新宿,新宿東口商店街振興組合,1,1,ビヤレストランライオン新宿店,洋食・レストラン,03-3352-6606,東京都新宿区新宿3-28-9 新宿ライオン会館　1F,https://www.ginzalion.jp/shop/brand/lion/shop26.html,0
191,新宿,新宿東口商店街振興組合,1,0,ヨドバシカメラ マルチメディア新宿東口,家電販売,03-3356-1010,東京都新宿区新宿3-26-7,,0
192,新宿,新宿東口商店街振興組合,1,1,ワイン食堂 ブルマーレ 新宿店,フレンチ・イタリアン,03-3352-6608,東京都新宿区新宿3-28-9 新宿ライオン会館　3F,https://www.ginzalion.jp/shop/brand/blumare/shop90.html,0
193,新宿,新宿東口商店街振興組合,1,1,串タロー　6号店,居酒屋・ダイニングバー,03-6274-8976,東京都新宿区新宿3-35-12 NK新宿第二ビルB1,https://www.starts-kushi.com/shop-archive.php,0
194,新宿,新宿東口商店街振興組合,1,1,串タロー　本店,居酒屋・ダイニングバー,03-3226-9433,東京都新宿区新宿3-35-10 朝賀ビル2F,https://www.starts-kushi.com/shop-archive.php,0
195,新宿,新宿東口商店街振興組合,1,1,串タロー　本店別館,居酒屋・ダイニングバー,03-5919-3394,東京都新宿区新宿3-34-3 第31東京ビル1F,https://www.starts-kushi.com/shop-archive.php,0
196,新宿,新宿東口商店街振興組合,1,1,個室・和食 和風ライオン安具楽（あぐら） 新宿店,和食・大衆食堂,03-3352-6610,東京都新宿区新宿3-28-9 新宿ライオン会館　5F,https://www.ginzalion.jp/shop/brand/lionagura/shop112.html,0
197,新宿,新宿東口商店街振興組合,1,1,北の幸　釧路港　新宿店,居酒屋・ダイニングバー,03-6457-7688,東京都新宿区新宿3-28-15 ポルト新宿ビルB2F,https://www.tfoods.co.jp/,0
198,新宿,新宿東口商店街振興組合,1,1,叙々苑　新宿中央東口店,焼肉・鉄板焼,03-5360-8989,東京都新宿区新宿3-27-10 武蔵野ビル7F,https://www.jojoen.co.jp/shop/jojoen/chuohigashi/,0
199,新宿,新宿東口商店街振興組合,1,1,和牛焼肉 土古里 新宿NOWAビル店,焼肉・鉄板焼,03-5362-1151,東京都新宿区新宿3-37-12 新宿NOWAビル5F,https://ramla-yakiniku.com/to-ko-ri-shinjuku/,0
200,新宿,新宿東口商店街振興組合,1,1,大型個室 新宿ライオン会館,その他飲食店,03-3352-6612,東京都新宿区新宿3-28-9 新宿ライオン会館　6F,https://www.ginzalion.jp/shop/brand/lion/shop26.html,0
201,新宿,新宿東口商店街振興組合,1,1,天ぷら新宿つな八　つのはず庵,その他飲食店,03-3358-2788,東京都新宿区新宿3-32-10 T&Tビル5F,,0
202,新宿,新宿東口商店街振興組合,1,1,天ぷら新宿つな八　本店別館6F,その他飲食店,03-5315-0320,東京都新宿区新宿3-28-4 TRES SHINJUKU 6階,,0
203,新宿,新宿東口商店街振興組合,1,1,天ぷら新宿つな八　本店別館B1F,その他飲食店,03-5315-0320,東京都新宿区新宿3-28-4 TRES SHINJUKU 地下1階,,0
204,新宿,新宿東口商店街振興組合,1,1,手打そば 大庵,そば・うどん,03-3352-5113,東京都新宿区新宿3-36-6 大安ビル2階,https://www.soba-daian.com/,0
205,新宿,新宿東口商店街振興組合,1,1,新宿 京懐石 柿傳,洋食・レストラン,03-3352-5121,東京都新宿区新宿3-37-11 安与ビル8階,https://www.kakiden.com/,0
206,新宿,新宿東口商店街振興組合,1,1,新宿 鮨丸,寿司,03-3356-7077,東京都新宿区新宿3-31-6,https://sushimaru.jp,0
207,新宿,新宿東口商店街振興組合,1,1,新宿武蔵野館,その他サービス業,03-3354-5670,東京都新宿区新宿3-27-10 武蔵野ビル3F,https://shinjuku.musashino-k.jp/,0
208,新宿,新宿東口商店街振興組合,1,1,本格焼肉＆ジンギスカン ばくよう亭 新宿店,焼肉・鉄板焼,03-3352-6609,東京都新宿区新宿3-28-9 新宿ライオン会館　4F,https://www.ginzalion.jp/shop/brand/liongenghiskhan/shop123.html,0
209,新宿,新宿東口商店街振興組合,1,1,柿傳ギャラリー,その他小売店,03-3352-5118,東京都新宿区新宿3-37-11 安与ビル地下2階,https://www.kakiden.com/gallery/,0
210,新宿,新宿東口商店街振興組合,1,1,郷土料理 くらわんか,和食・大衆食堂,03-3352-5111,東京都新宿区新宿3-36-6 大安ビル地下1階,https://www.kurawanka.co.jp/,0
211,新宿,三菱銀行横通り商栄会,1,0,新宿マルイ本館,百貨店・商業施設,03-3354-0101,東京都新宿区新宿3-30-13,https://www.0101.co.jp/003/,1
212,新宿,新宿駅前商店街振興組合,1,0,Alpen TOKYO,スポーツ用品店,03-5312-7680,東京都新宿区新宿3-23-7 ユニカビル,https://store.alpen-group.jp/Form/RealShop/ShopDetail.aspx?rsid=5200,0
213,新宿,新宿駅前商店街振興組合,1,1,GALLERY・2,スポーツ用品店,03-6457-8577,東京都新宿区新宿3-15-11 アドホックビル２F,https://www.gallery2.co.jp/shops/shinjuku/,0
214,新宿,新宿駅前商店街振興組合,1,0,OWNDAYS新宿東口店,眼鏡・コンタクトレンズ販売,03-6273-1439,東京都新宿区新宿3丁目22-1 サンパークサウス１F,,0
215,新宿,新宿駅前商店街振興組合,1,0,アンテシュクレ サルートスペシャリティストア 新宿東口店,その他小売店,03-3352-5411,東京都新宿区新宿2-23-17 オカダヤTFビル,,0
216,新宿,新宿駅前商店街振興組合,1,1,クレヨンしんちゃんオカシナもぐもぐワールド,その他小売店,03-5925-8481,東京都新宿区新宿3-23-17 新宿オカダヤTFビル5F,https://smallplanet.co.jp,0
217,新宿,新宿駅前商店街振興組合,1,0,ココカラファイン東京新宿三丁目店,ドラッグストア,03-6273-2713,東京都新宿区新宿3-17-10 ＨＵＬＩＣ＆ＮｅｗＳＨＩＮＪＵＫＵ,,0
218,新宿,新宿駅前商店街振興組合,1,1,にしむらゆうじ購買部本店,その他小売店,03-5357-7311,東京都新宿区新宿3-23-17 新宿オカダヤTFビル5F,https://smallplanet.co.jp,0
219,新宿,新宿駅前商店街振興組合,1,1,ヤマモトコーヒー店,その他小売店,03-3352-5055,東京都新宿区新宿3-17-11,https://www.yamamoto-coffee.co.jp/,0
220,新宿,新宿駅前商店街振興組合,1,1,レストランはやしや,洋食・レストラン,03-3352-5519,東京都新宿区新宿3-22-12 新宿サンパーク本館5階,,0
221,新宿,新宿駅前商店街振興組合,1,1,三平ストア新宿店,スーパーマーケット,03-3352-1669,東京都新宿区新宿3-22-12 新宿サンパーク本館地下2階,,0
222,新宿,新宿駅前商店街振興組合,1,1,串タロー　東口2号店,居酒屋・ダイニングバー,03-3353-5557,東京都新宿区新宿3-20-2 富士一ビル,https://www.starts-kushi.com/shop-archive.php,0
223,新宿,新宿駅前商店街振興組合,1,1,串タロー　東口店,居酒屋・ダイニングバー,03-3351-6894,東京都新宿区新宿3-21-4 第二サンパークビル2F,https://www.starts-kushi.com/shop-archive.php,0
224,新宿,新宿駅前商店街振興組合,1,1,新宿アカシア,洋食・レストラン,03-3354-7511,東京都新宿区新宿3-22-10,https://www.restaurant-acacia.com,0
225,新宿,新宿駅前商店街振興組合,1,0,新宿オカダヤ　10F,その他小売店,03-3352-5411,東京都新宿区新宿2-23-17 オカダヤTFビル,,0
226,新宿,新宿駅前商店街振興組合,1,0,新宿オカダヤ　6F,その他小売店,03-3352-5411,東京都新宿区新宿2-23-17 オカダヤTFビル,,0
227,新宿,新宿駅前商店街振興組合,1,0,新宿オカダヤ　7F,その他小売店,03-3352-5411,東京都新宿区新宿2-23-17 オカダヤTFビル,,0
228,新宿,新宿駅前商店街振興組合,1,0,新宿オカダヤ　8F,その他小売店,03-3352-5411,東京都新宿区新宿2-23-17 オカダヤTFビル,,0
229,新宿,新宿駅前商店街振興組合,1,0,新宿オカダヤ　9F,その他小売店,03-3352-5411,東京都新宿区新宿2-23-17 オカダヤTFビル,,0
230,新宿,新宿駅前商店街振興組合,1,1,日本料理三平,和食・大衆食堂,03-3352-5559,東京都新宿区新宿3-22-12 新宿サンパーク本館6階,,0
231,新宿,新宿駅前商店街振興組合,1,1,車屋別館,和食・大衆食堂,03-3352-5566,東京都新宿区新宿3-21-1,https://kuruma-ya.co.jp/shop/bekkan,0
232,新宿,新宿駅前商店街振興組合,1,1,鳥焼処車屋,和食・大衆食堂,03-3352-5565,東京都新宿区新宿3-21-1-B1F,https://kuruma-ya.co.jp/shop/toriyaki-dokoro,0
233,新宿,新宿駅前商店街振興組合,1,0,龍生堂薬局　新宿店,ドラッグストア,03-3356-3013,東京都新宿区新宿3-21-6,https://www.ryuseido.co.jp,0
234,新宿,医大通り商店会,1,1,BAR & DINING JAYCO,居酒屋・ダイニングバー,03-3358-8229,東京都新宿区新宿5-11-13 博雅ビルB1,http://jayco1.com/,0
235,新宿,医大通り商店会,1,1,かっぱ食堂,フレンチ・イタリアン,03-3355-3950,東京都新宿区新宿5-12-16 正剛ビル1階,https://r.gnavi.co.jp/e263000/,0
236,新宿,医大通り商店会,1,0,マルエツ　新宿六丁目店,スーパーマーケット,03-3232-2555,東京都新宿区新宿6-27-29,,0
237,新宿,医大通り商店会,1,0,ヨークフーズ新宿富久店,スーパーマーケット,03-3353-8811,東京都新宿区富久町17-2,https://www.york-inc.com/,0
238,新宿,医大通り商店会,1,1,串揚げバル　じょうきげん,居酒屋・ダイニングバー,03-6384-2433,東京都新宿区新宿6-4-2-B1 コスモス18ビル,,0
239,新宿,医大通り商店会,1,1,井ノ上の蛙,居酒屋・ダイニングバー,03-5341-4518,東京都新宿区新宿５丁目1-9 敬光ハイツ1階,https://www.instagram.com/inouenokawazu/,0
240,新宿,医大通り商店会,1,1,富久クロス眼科,その他の業種,03-3351-1131,東京都新宿区富久町17-2 富久クロス1F,https://tomihisa-eye.jp/,0
241,新宿,医大通り商店会,1,1,石井輪業,その他小売店,03-3352-8489,東京都新宿区新宿6-7-2,http://www.s141.sakura.ne.jp,0
242,新宿,医大通り商店会,1,1,翔印堂,その他小売店,03-3350-5310,東京都新宿区新宿5-8-21,https://shoindou.com,0
243,新宿,医大通り商店会,1,1,長治観光株式会社　ホテルリステル新宿　レストランファムネット,ホテル・旅館,03-3350-0123,東京都新宿区新宿5-3-20,https://www.listel.co.jp/,0
244,新宿,医大通り商店会,1,0,龍生堂薬局　東新宿店,ドラッグストア,03-3226-0954,東京都新宿区新宿5-11-1,https://www.ryuseido.co.jp,0
245,新宿,新宿商栄会,1,1,げんかい食堂,和食・大衆食堂,03-3356-0036,東京都新宿区新宿5-5-1 玄海ビル1階,,0
246,新宿,新宿商栄会,1,1,ファミリーマート靖国通り新宿五丁目,コンビニエンスストア,03-6380-6838,東京都新宿区新宿5-4-9,,0
247,新宿,新宿商栄会,1,0,伊勢丹新宿店,百貨店・商業施設,03-3352-1111,東京都新宿区新宿3-14-1,https://www.mistore.jp/store/shinjuku.html,1
248,新宿,新宿商栄会,1,0,新宿マルイメン,百貨店・商業施設,03-3354-0101,東京都新宿区新宿5-16-4,https://www.0101.co.jp/074/,0
249,新宿,新宿商栄会,1,1,水たき玄海,和食・大衆食堂,03-3352-3101,東京都新宿区新宿5-5-1 玄海ビル2階3階,,0
250,新宿,新宿商栄会,1,1,花園万頭　新宿本店,その他小売店,0120-014-870,東京都新宿区新宿5-17-2,,0
251,新宿,新宿商栄会,1,0,龍生堂薬局　東新宿店,ドラッグストア,03-3226-0954,東京都新宿区新宿5-11-1,https://www.ryuseido.co.jp,1
252,新宿,新宿文化街商店会,1,0,AEN,和食・大衆食堂,03-5368-3378,東京都新宿区新宿3-15-17,,0
253,新宿,新宿文化街商店会,1,0,カジュアルイタリアン美鈴屋,フレンチ・イタリアン,03-6380-1677,東京都新宿区新宿3-15-17,,0
254,新宿,新宿文化街商店会,1,1,かに道楽　新宿本店,和食・大衆食堂,03-3352-0096,東京都新宿区新宿3-14-20 テアトルビル8階,https://douraku.co.jp/kanto/shinjyuku_h/,0
255,新宿,新宿文化街商店会,1,0,グリル満天星,洋食・レストラン,03-3355-3621,東京都新宿区新宿3-15-17,,0
256,新宿,新宿文化街商店会,1,0,チャンパー,カレー・エスニック料理,03-5269-4376,東京都新宿区新宿3-15-17,,0
257,新宿,新宿文化街商店会,1,0,とんかつ和幸,和食・大衆食堂,03-5315-0089,東京都新宿区新宿3-15-17,,0
258,新宿,新宿文化街商店会,1,0,串の坊,その他飲食店,03-3356-3865,東京都新宿区新宿3-15-17,,0
259,新宿,新宿文化街商店会,1,0,串の坊別室,その他飲食店,03-3354-2403,東京都新宿区新宿3-15-17,,0
260,新宿,新宿文化街商店会,1,0,伊勢丹新宿店,百貨店・商業施設,03-3352-1111,東京都新宿区新宿3-14-1,https://www.mistore.jp/store/shinjuku.html,1
261,新宿,新宿文化街商店会,1,0,函館美鈴珈琲,喫茶店・カフェ,03-3354-7226,東京都新宿区新宿3-15-17,,0
262,新宿,新宿文化街商店会,1,0,歌行燈,そば・うどん,03-3341-1116,東京都新宿区新宿3-15-17,,0
263,新宿,新宿文化街商店会,1,0,築地寿司清,寿司,03-5366-8830,東京都新宿区新宿3-15-17,,0
264,新宿,新宿三丁目明治通り商店会,1,1,CAFE AALIYA,喫茶店・カフェ,03-3354-2371,東京都新宿区新宿3-1-17 山本ビルB1,https://www.aaliya.jp,0
265,新宿,新宿三丁目明治通り商店会,1,0,伊勢丹新宿店,百貨店・商業施設,03-3352-1111,東京都新宿区新宿3-14-1,https://www.mistore.jp/store/shinjuku.html,1
266,新宿,新宿三丁目明治通り商店会,1,1,銀座アスター　新宿賓館,中華料理・韓国料理,03-3351-4351,東京都新宿区新宿3-5-4 レインボービレッジ5F,https://www.ginza-aster.co.jp/,0
267,新宿,新宿サブナード商店会,1,1,AFURI辛紅　サブナード店,ラーメン,03-6384-2467,東京都新宿区歌舞伎町1 靖国通り下　地下街,,0
268,新宿,新宿サブナード商店会,1,1,axes famme　サブナード店,婦人服販売,03-6709-9712,東京都新宿区歌舞伎町1 柳通り下　地下街,,0
269,新宿,新宿サブナード商店会,1,0,Ｈibiya-kadan Style　サブナード店,生花・植木販売,03-6384-1876,東京都新宿区歌舞伎町1 靖国通り下　地下街,,0
270,新宿,新宿サブナード商店会,1,0,JEWELRY TSUTSUMI　サブナード店,その他小売店,03-6380-6431,東京都新宿区歌舞伎町1 柳通り下　地下街,,0
271,新宿,新宿サブナード商店会,1,0,JINS　サブナード店,眼鏡・コンタクトレンズ販売,03-3353-8760,東京都新宿区歌舞伎町1 靖国通り下　地下街,,0
272,新宿,新宿サブナード商店会,1,1,ＬiBERTYDOLL　サブナード店,靴・バッグ販売,03-5944-0882,東京都新宿区歌舞伎町1 靖国通り下　地下街,,0
273,新宿,新宿サブナード商店会,1,1,LUNA EARTH サブナード店,その他小売店,03-6380-5767,東京都新宿区歌舞伎町1丁目 柳通り下　地下街,,0
274,新宿,新宿サブナード商店会,1,1,MUK　MOCABROWN　サブナード店,その他小売店,03-6457-7708,東京都新宿区歌舞伎町1 靖国通り下　地下街,,0
275,新宿,新宿サブナード商店会,1,1,PARTS　CLUB　サブナード店,その他小売店,03-6273-2482,東京都新宿区歌舞伎町1 靖国通り下　地下街,,0
276,新宿,新宿サブナード商店会,1,1,ＳＨＩＲＡＩ　　サブナード店,婦人服販売,03-3354-6402,東京都新宿区歌舞伎町1 靖国通り下　地下街,,0
277,新宿,新宿サブナード商店会,1,1,ＳＯＤＡ　サブナード店,婦人服販売,03-5366-7065,東京都新宿区歌舞伎町1 靖国通り下　地下街,,0
278,新宿,新宿サブナード商店会,1,1,ＳＯＨＢＩ　サブナード店,その他小売店,03-3350-1271,東京都新宿区歌舞伎町1 靖国通り下　地下街,,0
279,新宿,新宿サブナード商店会,1,0,TOKYO SHIRTS　サブナード店,紳士服販売,03-3353-3807,東京都新宿区歌舞伎町1 靖国通り下　地下街,,0
280,新宿,新宿サブナード商店会,1,0,TRARIUM by ACE　サブナード店,靴・バッグ販売,03-5944-0799,東京都新宿区歌舞伎町1 柳通り下　地下街,,0
281,新宿,新宿サブナード商店会,1,1,アエナ　サブナード店,化粧品販売,03-6709-8517,東京都新宿区歌舞伎町1 靖国通り下　地下街,,0
282,新宿,新宿サブナード商店会,1,1,アクアストーン　サブナード店,その他小売店,03-6457-8398,東京都新宿区歌舞伎町1 靖国通り下　地下街,,0
283,新宿,新宿サブナード商店会,1,0,アジアンハーブス　サブナード店,エステ・リラクゼーション,03-5919-0095,東京都新宿区歌舞伎町1 靖国通り下　地下街,,0
284,新宿,新宿サブナード商店会,1,0,アピ コスメティック　プロデュースド 　バイ リュウセイドウ　サブナード店,化粧品販売,03-3356-6026,東京都新宿区歌舞伎町1 靖国通り下　地下街,,0
285,新宿,新宿サブナード商店会,1,1,アンテシュクレ　サブナード店,衣料品・寝具販売,03-3354-6401,東京都新宿区歌舞伎町1 靖国通り下　地下街,,0
286,新宿,新宿サブナード商店会,1,1,エクセル美容室　サブナード店,理容業・美容業,03-5366-2258,東京都新宿区歌舞伎町1 靖国通り下　地下街,,0
287,新宿,新宿サブナード商店会,1,0,オグラ眼鏡店　サブナード店,眼鏡・コンタクトレンズ販売,03-6380-5249,東京都新宿区歌舞伎町1 靖国通り下　地下街,,0
288,新宿,新宿サブナード商店会,1,0,オスロコーヒー　サブナード店,喫茶店・カフェ,03-5925-8485,東京都新宿区歌舞伎町1 靖国通り下　地下街,,0
289,新宿,新宿サブナード商店会,1,1,オッズオネスト　サブナード店,婦人服販売,03-5368-6277,東京都新宿区歌舞伎町1 靖国通り下　地下街,,0
290,新宿,新宿サブナード商店会,1,1,お酒の美術館　サブナード店,バー・スナック・パブ,03-6380-0948,東京都新宿区歌舞伎町1 靖国通り下　地下街,,0
291,新宿,新宿サブナード商店会,1,1,カフェ・ハイチ　サブナード店,喫茶店・カフェ,03-3358-8172,東京都新宿区歌舞伎町1 靖国通り下　地下街,,0
292,新宿,新宿サブナード商店会,1,1,カフェ・ベローチェ　サブナード店,喫茶店・カフェ,03-3355-2267,東京都新宿区歌舞伎町1 靖国通り下　地下街,,0
293,新宿,新宿サブナード商店会,1,0,グリーンパークス トピック　サブナード店,婦人服販売,03-5944-0563,東京都新宿区歌舞伎町1 靖国通り下　地下街,,0
294,新宿,新宿サブナード商店会,1,1,クリア　サブナード店,婦人服販売,03-5944-0678,東京都新宿区歌舞伎町1 靖国通り下　地下街,,0
295,新宿,新宿サブナード商店会,1,1,グレイスター　サブナード店,婦人服販売,03-3353-2015,東京都新宿区歌舞伎町1 柳通り下　地下街,,0
296,新宿,新宿サブナード商店会,1,0,コクミンドラッグ　サブナード店,ドラッグストア,03-3354-6180,東京都新宿区歌舞伎町1 靖国通り下　地下街,,0
297,新宿,新宿サブナード商店会,1,1,コスミックレイ　サブナード店,婦人服販売,03-3355-0046,東京都新宿区歌舞伎町1 靖国通り下　地下街,,0
298,新宿,新宿サブナード商店会,1,0,サーティワンアイスクリーム　サブナード店,その他飲食店,03-6380-0331,東京都新宿区歌舞伎町1 靖国通り下　地下街,,0
299,新宿,新宿サブナード商店会,1,0,ジェエルナローズ　サブナード店,靴・バッグ販売,03-5315-0343,東京都新宿区歌舞伎町1 靖国通り下　地下街,,0
300,新宿,新宿サブナード商店会,1,1,ジュピター　サブナード店,食料品販売,03-5315-4621,東京都新宿区歌舞伎町1 靖国通り下　地下街,,0
301,新宿,新宿サブナード商店会,1,1,シルビア　サブナード店,その他小売店,03-5269-2067,東京都新宿区歌舞伎町1 靖国通り下　地下街,,0
302,新宿,新宿サブナード商店会,1,0,すし銚子丸　サブナード店,寿司,03-6380-1870,東京都新宿区歌舞伎町1 靖国通り下　地下街,,0
303,新宿,新宿サブナード商店会,1,0,スターバックスコーヒー　サブナード店,喫茶店・カフェ,03-5312-0531,東京都新宿区歌舞伎町1 靖国通り下　地下街,,0
304,新宿,新宿サブナード商店会,1,0,ストラ　サブナード店,婦人服販売,03-3355-8255,東京都新宿区歌舞伎町1 柳通り下　地下街,,0
305,新宿,新宿サブナード商店会,1,1,スペッチオ　サブナード店,婦人服販売,03-6380-1085,東京都新宿区歌舞伎町1 靖国通り下　地下街,,0
306,新宿,新宿サブナード商店会,1,1,スマホスピタル　サブナード店,その他サービス業,050-5445-9227,東京都新宿区歌舞伎町1 靖国通り下　地下街,,0
307,新宿,新宿サブナード商店会,1,0,ダイソー　サブナード店,その他小売店,080-3247-9388,東京都新宿区歌舞伎町1 靖国通り下　地下街,,0
308,新宿,新宿サブナード商店会,1,1,ダッシングディバ　サブナード店,その他サービス業,03-5925-8266,東京都新宿区歌舞伎町1 柳通り下　地下街,,0
309,新宿,新宿サブナード商店会,1,0,たんす屋　サブナード店,衣料品・寝具販売,03-5367-1084,東京都新宿区歌舞伎町1 靖国通り下　地下街,,0
310,新宿,新宿サブナード商店会,1,0,チュチュアンナ　サブナード店,その他小売店,,東京都新宿区歌舞伎町1丁目 柳通り下　地下街,,0
311,新宿,新宿サブナード商店会,1,1,デイジーストア　サブナード店,婦人服販売,03-6457-8272,東京都新宿区歌舞伎町1 靖国通り下　地下街,,0
312,新宿,新宿サブナード商店会,1,0,ディスコート　サブナード店,婦人服販売,03-3354-2550,東京都新宿区歌舞伎町1 柳通り下　地下街,,0
313,新宿,新宿サブナード商店会,1,0,トゥエルブアジェンダ　サブナード店,婦人服販売,03-3354-6421,東京都新宿区歌舞伎町1 柳通り下　地下街,,0
314,新宿,新宿サブナード商店会,1,0,ドクターストレッチ　サブナード店,その他サービス業,03-6380-6654,東京都新宿区歌舞伎町1 靖国通り下　地下街,,0
315,新宿,新宿サブナード商店会,1,0,ドトールコーヒー　サブナード店,喫茶店・カフェ,03-3354-6028,東京都新宿区歌舞伎町1 靖国通り下　地下街,,0
316,新宿,新宿サブナード商店会,1,1,とんかつ和幸　サブナード店,和食・大衆食堂,03-5269-0433,東京都新宿区歌舞伎町1 靖国通り下　地下街,,0
317,新宿,新宿サブナード商店会,1,1,ナチュラルクチュールナイスクラップ　サブナード店,婦人服販売,03-3356-1570,東京都新宿区歌舞伎町1 柳通り下　地下街,,0
318,新宿,新宿サブナード商店会,1,1,ニューラフィネ　サブナード店,エステ・リラクゼーション,03-6273-0481,東京都新宿区歌舞伎町1 靖国通り下　地下街,,0
319,新宿,新宿サブナード商店会,1,1,ねぎし　サブナード店,和食・大衆食堂,03-3359-4155,東京都新宿区歌舞伎町1 靖国通り下　地下街,,0
320,新宿,新宿サブナード商店会,1,0,バイセル　サブナード店,その他小売店,0120-542-668,東京都新宿区歌舞伎町1 靖国通り下　地下街,,0
321,新宿,新宿サブナード商店会,1,0,ハニーズ　サブナード店,婦人服販売,03-5369-2577,東京都新宿区歌舞伎町1 靖国通り下　地下街,,0
322,新宿,新宿サブナード商店会,1,1,バンビ　サブナード店,洋食・レストラン,03-3355-5039,東京都新宿区歌舞伎町1 靖国通り下　地下街,,0
323,新宿,新宿サブナード商店会,1,1,ファスト整体スタンドチャージ＆パウワウ　サブナード店,整体・ボディケア,03-5315-0553,東京都新宿区歌舞伎町1 靖国通り下　地下街,,0
324,新宿,新宿サブナード商店会,1,1,プラザアイコンタクト　サブナード店,眼鏡・コンタクトレンズ販売,03-3341-7313,東京都新宿区歌舞伎町1 靖国通り下　地下街,,0
325,新宿,新宿サブナード商店会,1,0,ペットパラダイス　サブナード店,その他小売店,03-5269-7218,東京都新宿区歌舞伎町1 靖国通り下　地下街,,0
326,新宿,新宿サブナード商店会,1,1,ぼてぢゅう　サブナード店,焼肉・鉄板焼,03-3352-2506,東京都新宿区歌舞伎町1 靖国通り下　地下街,,0
327,新宿,新宿サブナード商店会,1,1,ママのリフォーム　サブナード店,その他サービス業,03-5315-0506,東京都新宿区歌舞伎町1 靖国通り下　地下街,,0
328,新宿,新宿サブナード商店会,1,0,ミスターミニット　サブナード店,その他サービス業,03-3352-2690,東京都新宿区歌舞伎町1 靖国通り下　地下街,,0
329,新宿,新宿サブナード商店会,1,1,ラフィネ　サブナード店,エステ・リラクゼーション,03-6457-8921,東京都新宿区歌舞伎町1 靖国通り下　地下街,,0
330,新宿,新宿サブナード商店会,1,0,リーガルシューズ　サブナード店,靴・バッグ販売,03-5368-0893,東京都新宿区歌舞伎町1 靖国通り下　地下街,,0
331,新宿,新宿サブナード商店会,1,0,ルーニィ　サブナード店,婦人服販売,03-3341-4980,東京都新宿区歌舞伎町1 靖国通り下　地下街,,0
332,新宿,新宿サブナード商店会,1,0,ロぺピクニック　サブナード店,婦人服販売,03-6273-1020,東京都新宿区歌舞伎町1 靖国通り下　地下街,,0
333,新宿,新宿サブナード商店会,1,1,伊勢志摩マルシェ　サブナード店,その他小売店,03-5315-0460,東京都新宿区歌舞伎町1 靖国通り下　地下街,,0
334,新宿,新宿サブナード商店会,1,1,北海道どさんこプラザ　サブナード店,その他小売店,03-5944-0921,東京都新宿区歌舞伎町1 靖国通り下　地下街,,0
335,新宿,新宿サブナード商店会,1,0,卵と私　サブナード店,洋食・レストラン,03-3341-4184,東京都新宿区歌舞伎町1 靖国通り下　地下街,,0
336,新宿,新宿サブナード商店会,1,0,台湾小籠包　サブナード店,中華料理・韓国料理,03-5363-9309,東京都新宿区歌舞伎町1 靖国通り下　地下街,,0
337,新宿,新宿サブナード商店会,1,1,吉祥庵　サブナード店,そば・うどん,03-3226-5200,東京都新宿区歌舞伎町1 靖国通り下　地下街,,0
338,新宿,新宿サブナード商店会,1,1,土鍋カリーぼんた　サブナード店,カレー・エスニック料理,03-5990-2839,東京都新宿区歌舞伎町1 靖国通り下　地下街,,0
339,新宿,新宿サブナード商店会,1,1,大阪 くり田　サブナード店,その他飲食店,03-6273-2818,東京都新宿区歌舞伎町1 靖国通り下　地下街,,0
340,新宿,新宿サブナード商店会,1,1,新宿秀山　サブナード店,中華料理・韓国料理,03-3354-6347,東京都新宿区歌舞伎町1 靖国通り下　地下街,,0
341,新宿,新宿サブナード商店会,1,0,洋麺屋五右衛門　サブナード店,洋食・レストラン,03-5919-0981,東京都新宿区歌舞伎町1 靖国通り下　地下街,,0
342,新宿,新宿サブナード商店会,1,1,金沢治与門窯スッポン堂　サブナード店,食料品販売,03-3226-8868,東京都新宿区歌舞伎町1 靖国通り下　地下街,,0
343,新宿,新宿サブナード商店会,1,1,鈴乃屋　サブナード店,衣料品・寝具販売,03-3350-5131,東京都新宿区歌舞伎町1 靖国通り下　地下街,,0
344,新宿,新宿サブナード商店会,1,0,鶏五味　サブナード店,和食・大衆食堂,03-5919-2505,東京都新宿区歌舞伎町1 靖国通り下　地下街,,0
345,淀橋A,西新宿商店会,1,1,ひじり屋,ラーメン,03-3343-2007,東京都新宿区西新宿6-16-12,,0
346,淀橋A,西新宿商店会,1,0,マルエツプチ西新宿六丁目店,スーパーマーケット,03-3343-6560,東京都新宿区西新宿6-15-1-201,,0
347,淀橋A,西新宿商店会,1,1,天ぷら食堂　満天,和食・大衆食堂,03-5843-5577,東京都新宿区西新宿5-12-3,,0
348,淀橋A,西新宿商店会,1,1,富士屋商店,酒店,03-3342-5544,東京都新宿区西新宿6-17-10 西新宿プライムビル1階,,0
349,淀橋A,西新宿商店会,1,1,香花園,生花・植木販売,03-3372-1549,東京都新宿区西新宿5-6-1 パークタワー西新宿102,,0
350,淀橋A,新宿広小路商店会,1,1,（株）齋藤酒店　西新宿店,酒店,03-3368-0403,東京都新宿区西新宿7-6-3,,0
351,淀橋A,新宿広小路商店会,1,1,175°DENO担担麺 TOKYO,ラーメン,03-6304-0175,東京都新宿区西新宿7-2-4  新宿MSビル 1F,https://www.175.co.jp/,0
352,淀橋A,新宿広小路商店会,1,0,Olympic新宿百人町店,スーパーマーケット,03-6871-7250,東京都新宿区西新宿7-7-19,,0
353,淀橋A,新宿広小路商店会,1,1,ZANGIRI Next,理容業・美容業,03-5937-4318,東京都新宿区西新宿7-10-19 西新宿ビル３階,https://aa-zangiri.net/,0
354,淀橋A,新宿広小路商店会,1,1,お食事の店さつき,和食・大衆食堂,03-3365-4676,東京都新宿区西新宿7-6-2,,0
355,淀橋A,新宿広小路商店会,1,0,ココカラファイン西新宿７丁目店,ドラッグストア,03-5337-8510,東京都新宿区西新宿7-2-4 新宿喜楓ビル1階,,0
356,淀橋A,新宿広小路商店会,1,1,セブンイレブン新宿都税事務所前店,コンビニエンスストア,03-3365-9122,東京都新宿区西新宿7-16-11,,0
357,淀橋A,新宿広小路商店会,1,1,セブンイレブン西新宿７丁目小滝橋通店,コンビニエンスストア,03-3365-1711,東京都新宿区西新宿7-7-26,,0
358,淀橋A,新宿広小路商店会,1,1,セブンイレブン西新宿小滝橋通り店,コンビニエンスストア,03-5389-1035,東京都新宿区西新宿7-10-17,,0
359,淀橋A,新宿広小路商店会,1,1,ぼんぼん,居酒屋・ダイニングバー,03-3371-5155,東京都新宿区西新宿7-18-7 GSハイム101,https://www.bonbon-tokyo.com/,0
360,淀橋A,新宿広小路商店会,1,1,串タロー　西口店,居酒屋・ダイニングバー,03-3365-4645,東京都新宿区西新宿7-10-19 西新宿ビルB1,https://www.starts-kushi.com/shop-archive.php,0
361,淀橋A,新宿広小路商店会,1,1,玄菜壱上,和食・大衆食堂,03-3369-5110,東京都新宿区西新宿7-9-17 第一伊藤ビル２階,,0
362,淀橋A,新宿広小路商店会,1,1,玄菜本店,和食・大衆食堂,03-3371-7533,東京都新宿区西新宿7-10-11 第二伊藤ビル1階,,0
363,淀橋A,新宿広小路商店会,1,1,花善商店,生花・植木販売,03-3371-5727,東京都新宿区北新宿1-2-15,,0
364,淀橋A,西新宿みのり商店会,1,1,かに道楽　西新宿5丁目店,和食・大衆食堂,03-5351-2525,東京都新宿区西新宿5-25-9,https://douraku.co.jp/kanto/nishishinjyuku/,0
365,淀橋A,西新宿みのり商店会,1,1,しゃぶしゃぶすき焼き宍倉,和食・大衆食堂,03-6276-0400,東京都新宿区西新宿5-10-1,,0
366,淀橋A,西新宿みのり商店会,1,0,どらっぐぱぱす西新宿店,ドラッグストア,03-3373-4193,東京都新宿区西新宿4-1-10 東建ニューハイツ西新宿　１階,,0
367,淀橋A,西新宿みのり商店会,1,1,ハラダ薬局西新宿店,ドラッグストア,03-3374-1531,東京都新宿区西新宿5-10-8 リージア西新宿1階,https://s3-cube.com/harada_shinjuku.html,0
368,淀橋A,西新宿みのり商店会,1,1,リラックス西新宿店,エステ・リラクゼーション,03-3299-8122,東京都新宿区西新宿5-24-15 オークス西新宿1～3F,,0
369,淀橋A,西新宿みのり商店会,1,1,南インド料理　コチン　ニヴァース,カレー・エスニック料理,03-5388-4150,東京都新宿区西新宿5-9-17,,0
370,淀橋A,西新宿みのり商店会,1,1,台湾料理山珍居,中華料理・韓国料理,03-3376-0541,東京都新宿区西新宿4-4-16,,0
371,淀橋A,西新宿みのり商店会,1,1,富城屋,中華料理・韓国料理,03-3376-7011,東京都新宿区西新宿4-4-15,,0
372,淀橋A,元淀商店会,1,0,（株）イオンフードスタイル　西新宿店,スーパーマーケット,03-3379-5100,東京都新宿区西新宿5-1-1-101,http://www.daiei.co.jp,0
373,淀橋A,元淀商店会,1,1,カギの救急車新宿店,その他サービス業,03-3374-3999,東京都新宿区西新宿6-26-9 宝栄成子坂ビル1階,,0
374,淀橋A,元淀商店会,1,1,ファミリーマート西新宿アトラスタワー店,コンビニエンスストア,03-5909-5692,東京都新宿区西新宿6-25-8 アトラスタワー西新宿1階,https://first-rise.jp/,0
375,淀橋A,元淀商店会,1,1,大阪屋化粧品店,化粧品販売,03-3342-7651,東京都新宿区西新宿6-26-11 鈴木ビル,,0
376,淀橋A,元淀商店会,1,1,株式会社　都ランドリー,クリーニング店,03-3344-3116,東京都新宿区西新宿6-26-7,,0
377,淀橋A,新宿成子商店街振興組合,1,1,（有）割烹　梅屋,和食・大衆食堂,03-3361-5566,東京都新宿区西新宿8-14-17-102,https://www.hotpepper.jp/strJ000124990,0
378,淀橋A,新宿成子商店街振興組合,1,1,In the Garden 135,洋食・レストラン,03-3362-0279,東京都新宿区西新宿8-4-17 1F,https://hotel-rosegarden.jp/garden135/,0
379,淀橋A,新宿成子商店街振興組合,1,1,ホテルローズガーデン新宿,ホテル・旅館,03-3360-1533,東京都新宿区西新宿8-1-3,https://hotel-rosegarden.jp/,0
380,淀橋A,新宿成子商店街振興組合,1,1,割烹　栗吉,和食・大衆食堂,03-5337-6590,東京都新宿区西新宿8-4-16,https://hotel-rosegarden.jp/kurikichi/,0
381,淀橋A,新宿成子商店街振興組合,1,1,株式会社清林堂　坂中店,パン・サンドイッチ販売,03-3368-4675,東京都新宿区西新宿8-5-1,,0
382,淀橋A,柏木親友会,1,1,hair stage GRACE Flow,理容業・美容業,03-3371-4816,東京都新宿区北新宿3-1-2 ルミナス新宿,,0
383,淀橋A,柏木親友会,1,1,Kissa Chako,喫茶店・カフェ,070-4010-5469,東京都新宿区北新宿3-9-3,,0
384,淀橋A,柏木親友会,1,1,かぶら亭,焼肉・鉄板焼,03-3366-0872,東京都新宿区北新宿3-1-20 ユニオン ビル,,0
385,淀橋A,柏木親友会,1,1,クリーニングオリック北新宿店,クリーニング店,03-3371-7460,東京都新宿区北新宿3-9-3,http://www.olyc.co.jp,0
386,淀橋A,柏木親友会,1,0,スギ薬局　北新宿3丁目店,ドラッグストア,03-5332-7991,東京都新宿区北新宿3-4-1,https://www.sugi-net.jp/,0
387,淀橋A,柏木親友会,1,1,セブン-イレブン　北新宿１丁目大久保通り店,コンビニエンスストア,03-3366-8099,東京都新宿区北新宿1-12-17,,0
388,淀橋A,柏木親友会,1,1,ヒジカタ薬局,ドラッグストア,03-3371-4747,東京都新宿区北新宿1-8-17 ヒジカタビル,,0
389,淀橋A,柏木親友会,1,1,ローカルダイニング　コウ,洋食・レストラン,03-6908-7981,東京都新宿区北新宿3-1-6 アンリシールクラ1F,,0
390,淀橋A,柏木親友会,1,1,喫茶ラ・ムー,喫茶店・カフェ,03-3361-6648,東京都新宿区北新宿3-4-7,,0
391,淀橋A,柏木親友会,1,1,湧成堂,鍼灸・あん摩マッサージ,03-3227-2992,東京都新宿区北新宿1-12-11 エトワールビル1F,https://beauty.hotpepper.jp/kr/slnH000663623/,0
392,淀橋A,柏木親友会,1,1,織田瓜生花店,生花・植木販売,03-6273-9687,東京都新宿区北新宿1-12-11 高根ビル,,0
393,淀橋A,北新宿四丁目親交会,1,1,Ｙｅｌｌｏｗ　Ｍａｇｉｃ　Ｐｏｔ　（進栄燃料）,食料品販売,03-3371-1051,東京都新宿区北新宿4-4-2,,0
394,淀橋A,北新宿四丁目親交会,1,0,いなげや新宿小滝橋店,スーパーマーケット,03-3364-3835,東京都新宿区北新宿4-8-16,https://www.inageya.co.jp/,0
395,淀橋A,北新宿四丁目親交会,1,1,クリーニングオリック　いなげや店,クリーニング店,03-3360-4167,東京都新宿区北新宿4-8-16 2F,http://www.olyc.co.jp,0
396,淀橋A,北新宿四丁目親交会,1,1,ヘアーサロン　シマ・アイランド,理容業・美容業,03-3371-6654,東京都新宿区北新宿4-4-4 朝日プラザ北新宿111,,0
397,淀橋A,北新宿四丁目親交会,1,1,光洋舎,クリーニング店,03-3371-3676,東京都新宿区北新宿4-3-12 川上ビル,,0
398,淀橋A,北新宿四丁目親交会,1,1,新宿八百屋　新大久保駅前店,食料品販売,03-5386-8810,東京都新宿区百人町2-9-16 横尾ビル1階,,0
399,淀橋A,北新宿四丁目商友会,1,1,カフェ　エニシダ,喫茶店・カフェ,03-6908-7705,東京都新宿区北新宿4-28-11 ハピネス大町１階,https://www.cafe-enishida.jp/,0
400,淀橋A,北新宿四丁目商友会,1,1,クリーニングオリック新宿本店,クリーニング店,03-6908-9777,東京都新宿区北新宿4-28-4 新藤ビル1階,http://www.olyc.co.jp,0
401,淀橋A,北新宿四丁目商友会,1,1,フラワーショップマスダ 新宿小滝橋店,生花・植木販売,03-3362-5571,東京都新宿区高田馬場3-37-4,,0
402,淀橋A,北新宿四丁目商友会,1,1,三光青果（株）,食料品販売,03-6312-8934,東京都新宿区北新宿4-5-13,,0
403,淀橋A,北新宿四丁目商友会,1,1,米粉シフォンケーキのお店　月にオリーブ,その他小売店,,東京都新宿区北新宿4-13-1 コート堀山1階,,0
404,淀橋A,北新宿四丁目商友会,1,1,越後屋米店,米穀店,03-3361-6002,東京都新宿区北新宿4-33-6,,0
405,淀橋A,北新宿四丁目商友会,1,1,魚繁,食料品販売,03-3368-5721,東京都新宿区北新宿4-21-8 サトウビル,,0
406,淀橋A,十二社商店親睦会,1,1,サラダニース,洋食・レストラン,03-3375-2844,東京都新宿区西新宿4-17-3 ベルパークシテイ西新宿102,,0
407,淀橋A,十二社商店親睦会,1,1,そば処　福助,そば・うどん,03-3377-6261,東京都新宿区西新宿4-15-21,,0
408,淀橋A,十二社商店親睦会,1,1,ビストロ＆バル　ピコレ,フレンチ・イタリアン,03-6383-3143,東京都新宿区西新宿4-14-7 新宿パークサイド永谷101,,0
409,淀橋A,十二社商店親睦会,1,0,マルエツプチ西新宿三丁目店,スーパーマーケット,03-3376-0297,東京都新宿区西新宿3-13-11,,0
410,淀橋A,新宿アイランド商業施設出店者会,1,1,CHINA DOLL,中華料理・韓国料理,03-6304-5725,東京都新宿区西新宿6-5-1 新宿アイランドタワーB1F,,0
411,淀橋A,新宿アイランド商業施設出店者会,1,1,Korean  Deli  Light,食料品販売,03-6454-1278,東京都新宿区西新宿6-5-1 新宿アイランドタワー,,0
412,淀橋A,新宿アイランド商業施設出店者会,1,1,ＴＨＥ　ＳＡＫＵＲＡ　ＤＩＮＩＮＧ　ＴＯＫＹＯ,洋食・レストラン,03-5339-6700,東京都新宿区西新宿6-5-1 新宿アイランドタワーB1,https://www.sakura-dining-tokyo.jp/,0
413,淀橋A,新宿アイランド商業施設出店者会,1,0,サンマルクカフェ新宿アイランド店,喫茶店・カフェ,03-5322-6309,東京都新宿区西新宿6-5-1 新宿アイランドタワーB1F,https://www.saint-marc-hd.com/saintmarccafe/shop/681/,0
414,淀橋A,新宿アイランド商業施設出店者会,1,1,ドトールコーヒーショップ　新宿アイランド店,喫茶店・カフェ,03-5323-4309,東京都新宿区西新宿6-4-1 アイランドアトリウム１階,,0
415,淀橋A,新宿アイランド商業施設出店者会,1,0,ベルサイユの豚　西新宿,フレンチ・イタリアン,03-5909-2290,東京都新宿区西新宿6-5-1 新宿アイランドタワーB1F,,0
416,淀橋A,新宿アイランド商業施設出店者会,1,1,三国一　アイランドイッツ店,そば・うどん,03-3346-3591,東京都新宿区西新宿6-5-1 新宿アイランドタワーB1,,0
417,淀橋A,新宿アイランド商業施設出店者会,1,1,信州そば処　そじ坊　新宿アイランド店,そば・うどん,03-5323-4206,東京都新宿区西新宿6-5-1 新宿アイランドビルB1,,0
418,淀橋A,新宿アイランド商業施設出店者会,1,1,和幸アイランド店,その他飲食店,03-5325-5718,東京都新宿区西新宿6-5-1 新宿アイランドタワー,,0
419,淀橋A,新宿アイランド商業施設出店者会,1,1,海人酒房,居酒屋・ダイニングバー,03-4334-4795,東京都新宿区西新宿6-5-1 新宿アイランドタワー,,0
420,淀橋A,新宿アイランド商業施設出店者会,1,1,清林堂坂上,コンビニエンスストア,03-5323-4314,東京都新宿区西新宿6-4-1 アイランドアトリウム１階,,0
421,淀橋A,新宿アイランド商業施設出店者会,1,1,雛鮨新宿アイランド,寿司,03-5323-2380,東京都新宿区西新宿6-5-1 新宿アイランドタワー地下1階,,0
422,淀橋B,西新宿商興会,1,1,Sake stanD凛,居酒屋・ダイニングバー,03-6258-0487,東京都新宿区西新宿1-4-11 宝ビル1F,https://sakestand-rin.com/,0
423,淀橋B,西新宿商興会,1,1,ウインザーラケットショップ新宿店,スポーツ用品店,03-3343-5021,東京都新宿区西新宿1-3-15 栃木ビルB1.1.2F,,0
424,淀橋B,西新宿商興会,1,0,サンドラッグ新宿西口店,ドラッグストア,03-5909-7555,東京都新宿区西新宿1-4-2,https://www.sundrug.co.jp,0
425,淀橋B,西新宿商興会,1,0,ビックカメラ新宿西口店,家電販売,03-5326-1111,東京都新宿区西新宿1-5-1 新宿西口駅前ビル,https://www.biccamera.com/bc/i/shop/shoplist/shop016.jsp#bcs_information,0
426,淀橋B,西新宿商興会,1,1,やきにく亭六歌仙　西口大ガード店,焼肉・鉄板焼,03-5989-0207,東京都新宿区西新宿1-3-1 サンフラワービル7F,https://rokkasen.co.jp/,0
427,淀橋B,西新宿商興会,1,1,ろばた結,居酒屋・ダイニングバー,03-6279-4360,東京都新宿区西新宿1-4-11 宝ビル1階,,0
428,淀橋B,西新宿商興会,1,1,ろばた翔,居酒屋・ダイニングバー,03-6302-0827,東京都新宿区西新宿1-4-11 宝ビル地下1階,https://robata-sho-shinjuku.com/,0
429,淀橋B,西新宿商興会,1,1,天兼,和食・大衆食堂,03-3342-5601,東京都新宿区西新宿1-5-1 小田急新宿西口駅前ビル1階,http://www.tenkane.jp,0
430,淀橋B,西新宿商興会,1,1,旬菜　七福　大黒,和食・大衆食堂,03-3342-3090,東京都新宿区西新宿1-4-8 第三加藤ビル　地下1階,https://shinjuku-daikoku.com,0
431,淀橋B,西新宿商興会,1,0,株式会社 小田急百貨店,百貨店・商業施設,0570-025-888,東京都新宿区西新宿1-5 新宿西口ハルク,https://www.odakyu-dept.co.jp/,0
432,淀橋B,西新宿商興会,1,1,株式会社　青松園,その他小売店,03-3342-6007,東京都新宿区西新宿1-5-1 小田急ハルク並び,https://www.seisyoen1947.jp,0
433,淀橋B,西新宿商興会,1,1,焼肉レストラン明月館,中華料理・韓国料理,03-3342-4836,東京都新宿区西新宿1-4-5,http://www.meigetsukan.jp,0
434,淀橋B,西新宿一丁目商店街振興組合,1,0,AOKI新宿西口本店,衣料品・寝具販売,03-3342-6588,東京都新宿区西新宿1-8-5,https://www.aoki-style.com/shop/store/0804,0
435,淀橋B,西新宿一丁目商店街振興組合,1,1,ＯＯＴＯＲＩ　ＢＡＮＡＮＡ新宿店,その他飲食店,03-6258-5828,東京都新宿区西新宿1-19-1,https://banana.ootori.co.jp/,0
436,淀橋B,西新宿一丁目商店街振興組合,1,1,アジアンダイニングバー　カラシュ,カレー・エスニック料理,03-5909-2528,東京都新宿区西新宿1-19-11 西新宿甲州ビル7F,,0
437,淀橋B,西新宿一丁目商店街振興組合,1,1,かどやホテル,ホテル・旅館,03-3346-2561,東京都新宿区西新宿1-23-1 かどやホテル,https://www.kadoya-hotel.co.jp,0
438,淀橋B,西新宿一丁目商店街振興組合,1,1,カフェラヴォワ,喫茶店・カフェ,03-3346-1611,東京都新宿区西新宿1-23-1,,0
439,淀橋B,西新宿一丁目商店街振興組合,1,1,ステーキ　パンドラ,焼肉・鉄板焼,03-3344-3808,東京都新宿区西新宿1-13-3 西新ビル2F,https://www.shinjyuku-pandora.com/,0
440,淀橋B,西新宿一丁目商店街振興組合,1,0,ソフマップ新宿店,家電販売,0077-78-9888,東京都新宿区西新宿1-18-5 甲新ビル,https://www.sofmap.com/tenpo/?id=shops&sid=shinjyuku_2,0
441,淀橋B,西新宿一丁目商店街振興組合,1,1,ねぎし　114ビル店,和食・大衆食堂,03-3348-1200,東京都新宿区西新宿1-14-16   114ビル1階,https://www.negishi.co.jp/location/index.html,0
442,淀橋B,西新宿一丁目商店街振興組合,1,0,マツモトキヨシ新宿南口店,ドラッグストア,03-5324-2060,東京都新宿区新宿1-18-6 西新宿ユニオンビル,,0
443,淀橋B,西新宿一丁目商店街振興組合,1,1,やきにく亭　六歌仙　新宿本店,焼肉・鉄板焼,03-3348-8676,東京都新宿区西新宿1-10-2   110ビル10F,https://rokkasen.co.jp/special/,0
444,淀橋B,西新宿一丁目商店街振興組合,1,0,ヤマダデンキ　LABI新宿西口館,家電販売,03-5339-0511,東京都新宿区西新宿1-18-8,https://www.yamada-denki.jp/service/labi/shinjuku-west/,0
445,淀橋B,西新宿一丁目商店街振興組合,1,0,ヨドバシカメラ 新宿西口本店,家電販売,03-3346-1010,東京都新宿区西新宿1-11-1,,0
446,淀橋B,西新宿一丁目商店街振興組合,1,0,ルミネ新宿店　ルミネ１・ルミネ２・イイトルミネ新宿,百貨店・商業施設,03-5334-0550,東京都新宿区西新宿1-1-5,,0
447,淀橋B,西新宿一丁目商店街振興組合,1,1,三国一　西口店,そば・うどん,03-3344-3591,東京都新宿区西新宿1-13-10 西新宿昭和ビル,,0
448,淀橋B,西新宿一丁目商店街振興組合,1,0,京王百貨店　新宿店,百貨店・商業施設,0570-022-810,東京都新宿区西新宿1-1-4,https://www.keionet.com/info/shinjuku/,0
449,淀橋B,西新宿一丁目商店街振興組合,1,1,新宿栄寿司　西口店,寿司,03-3340-2525,東京都新宿区西新宿1-18-16,https://shinjuku-sakaezushi.com/,0
450,淀橋B,西新宿一丁目商店街振興組合,1,1,炭遊酒菜はたご,居酒屋・ダイニングバー,03-3344-3144,東京都新宿区西新宿1-23-1 かどやホテルB1F,https://www.kadoya-hotel.co.jp/hatago/,0
451,淀橋B,西新宿一丁目商店街振興組合,1,0,石井スポーツ ヨドバシ新宿西口店,スポーツ用品店,03-3346-0301,東京都新宿区西新宿1-10-1 ヨドバシ新宿西口駅前ビルB1F/B2F,,0
452,淀橋B,西新宿一丁目商店街振興組合,1,1,石狩川,居酒屋・ダイニングバー,03-3342-4769,東京都新宿区西新宿1-15-4 第2セイコービル4F,,0
453,淀橋B,西新宿一丁目商店街振興組合,1,1,酒蔵　紀州屋,和食・大衆食堂,03-3348-4129,東京都新宿区西新宿1-18-1 小川ビル2F,https://www.xn--ogt99ae83d.com/,0
454,淀橋B,新宿電話局通り親交会,1,1,セブンイレブン　北新宿１丁目小滝橋通り店,コンビニエンスストア,03-3367-1275,東京都新宿区北新宿１-８-２ S-LINKS北新宿,,0
455,淀橋B,新宿電話局通り親交会,1,1,今田新聞店,その他小売店,03-3371-7810,東京都新宿区百人町1-23-2,https://nsn-shinjuku.com/,0
456,淀橋B,新宿電話局通り親交会,1,1,株式会社齋藤酒店　百人町店,酒店,03-5337-9970,東京都新宿区百人町1-23-8,,0
457,淀橋B,新宿百人町明るい会商店街振興組合,1,1,お多八,居酒屋・ダイニングバー,03-3371-8710,東京都新宿区百人町1-18-11 地下1階,,0
458,淀橋B,新宿百人町明るい会商店街振興組合,1,1,セブンイレブン新宿大久保駅前店,コンビニエンスストア,03-5386-3071,東京都新宿区百人町2-21-3 大久保SHKビル,,0
459,淀橋B,新宿百人町明るい会商店街振興組合,1,0,ドン・キホーテ新大久保駅前店,百貨店・商業施設,0570-089-311,東京都新宿区百人町2-17-1,https://www.donki.com/,0
460,淀橋B,新宿百人町明るい会商店街振興組合,1,1,マルス百貨店,衣料品・寝具販売,03-3362-5271,東京都新宿区百人町1-15-19 マルスビル1Ｆ,,0
461,淀橋B,新宿百人町明るい会商店街振興組合,1,1,大村庵,そば・うどん,03-3371-4760,東京都新宿区百人町1-19-16,https://oomuraan.com/,0
462,淀橋B,新宿百人町明るい会商店街振興組合,1,0,平禄寿司　大久保店,寿司,03-3367-4252,東京都新宿区百人町2-20-2,https://www.heiroku.jp/store/tokyo-shinjuku-ookubo/,0
463,淀橋B,新宿百人町明るい会商店街振興組合,1,1,文具の太陽堂　有限会社太陽堂書店,文具店,03-3371-5418,東京都新宿区百人町1-18-8 大久保カドビル1F,https://taiyodo.com,0
464,淀橋B,新宿百人町明るい会商店街振興組合,1,1,株式会社公営社,その他サービス業,03-3361-1067,東京都新宿区百人町2-21-1,https://www.koueisha.co.jp/,0
465,淀橋B,新宿百人町明るい会商店街振興組合,1,1,百人町　近江家,そば・うどん,03-3364-2341,東京都新宿区百人町2-4-2,,0
466,淀橋B,新宿百人町明るい会商店街振興組合,1,1,筋膜リリース整体FLAT,整体・ボディケア,03-3363-3631,東京都新宿区百人町2-4-2 山喜ビル5階1号室,https://flat.jp.net/,0
467,淀橋B,新宿百人町明るい会商店街振興組合,1,1,美容工房　会里佳,理容業・美容業,090-3003-1769,東京都新宿区百人町2-16-7,http://hairsalon-erica.com,0
468,淀橋B,新宿百人町明るい会商店街振興組合,1,1,蓬治療所,鍼灸・あん摩マッサージ,03-3367-4087,東京都新宿区百人町2-21-2,https://okubohou.com,0
469,淀橋B,新宿百人町明るい会商店街振興組合,1,0,龍生堂薬局　大久保店,ドラッグストア,03-3364-4540,東京都新宿区百人町1-15-18,https://www.ryuseido.co.jp,0
470,淀橋B,新大久保商店街振興組合,1,1,GUDUL （グドゥル）,中華料理・韓国料理,070-5070-3665,東京都新宿区大久保1-16-13 新大久保SHKビルB1,https://gudul.framer.ai/,0
471,淀橋B,新大久保商店街振興組合,1,1,アライ手芸店,婦人服販売,03-3209-3426,東京都新宿区大久保2-7-1 大久保フジビル101,,0
472,淀橋B,新大久保商店街振興組合,1,1,セブンイレブン新宿大久保通り店,コンビニエンスストア,03-3200-3440,東京都新宿区大久保2-19-4,,0
473,淀橋B,新大久保商店街振興組合,1,1,トリイチ綜合食品販売（株）,その他小売店,03-3209-4529,東京都新宿区大久保2-32-2,,0
474,淀橋B,新大久保商店街振興組合,1,1,とんかつかつ味,和食・大衆食堂,03-3208-0012,東京都新宿区大久保2-7-5 共栄ビル101号,,0
475,淀橋B,新大久保商店街振興組合,1,1,フレッシュ　ひらまつ,その他小売店,03-3203-0009,東京都新宿区大久保2-32-1,,0
476,淀橋B,新大久保商店街振興組合,1,1,フローリストしのざき,生花・植木販売,03-3200-4039,東京都新宿区大久保2-19-1,,0
477,淀橋B,新大久保商店街振興組合,1,1,ホテルかじか,ホテル・旅館,03-3203-1752,東京都新宿区百人町1-7-23,https://www.hotel-kajika.net/,0
478,淀橋B,新大久保商店街振興組合,1,0,マツモトキヨシ大久保1丁目店,ドラッグストア,03-5155-4514,東京都新宿区大久保1-4-17,,0
479,淀橋B,新大久保商店街振興組合,1,1,ヤワラート新大久保店,カレー・エスニック料理,03-6457-3832,東京都新宿区大久保2-32-23 和孝第2レジデンス1F,,0
480,淀橋B,新大久保商店街振興組合,1,1,串焼きおでん　吉の,和食・大衆食堂,03-3209-0012,東京都新宿区大久保2-19-1 セントラル大久保,,0
481,淀橋B,新大久保商店街振興組合,1,1,円満屋,その他小売店,03-3200-4400,東京都新宿区百人町1-3-16,,0
482,淀橋B,新大久保商店街振興組合,1,1,味（マッ）ちゃん２号店,中華料理・韓国料理,03-5272-3022,東京都新宿区大久保2-32-3 リスボンビル1F,http://www.macchan.jp/2.html,0
483,淀橋B,新大久保商店街振興組合,1,1,味（マッ）ちゃん本店,中華料理・韓国料理,03-5155-8258,東京都新宿区百人町1-3-20 メゾンドソワイエ1F,https://macchan-honten.com,0
484,淀橋B,新大久保商店街振興組合,1,1,新宿日曜大工センター,その他小売店,03-3200-0265,東京都新宿区大久保1-7-17,,0
485,淀橋B,新大久保商店街振興組合,1,1,有限会社　小倉屋酒店,酒店,03-3209-5341,東京都新宿区大久保2-13-2 大橋ビル－２F,,0
486,淀橋B,新大久保商店街振興組合,1,1,有限会社島村印店,その他小売店,03-3209-0400,東京都新宿区大久保2-18-7,,0
487,淀橋B,新大久保商店街振興組合,1,1,焼肉　中央苑,焼肉・鉄板焼,03-3209-3528,東京都新宿区大久保2-13-4 北原ビル1F,,0
488,淀橋B,新大久保商店街振興組合,1,1,焼肉幸家　新大久保駅前店,焼肉・鉄板焼,03-6273-9899,東京都新宿区百人町2-3-20 英泰ビル1F,https://tabelog.com/tokyo/A1304/A130404/13318987/,0
489,淀橋B,新大久保商店街振興組合,1,1,美容室パルコ21,理容業・美容業,03-3200-3151,東京都新宿区大久保2-19-2 沖ビル2階,http://www.parco21.co.jp,0
490,淀橋B,新大久保商店街振興組合,1,1,茶道教室心ゝ庵,カルチャー教室,090-1521-4332,東京都新宿区大久保1-12-18,https://kimonogakuin-shinjuku.com/,0
491,淀橋B,新大久保商店街振興組合,1,1,韓国家庭料理でりかおんどる,中華料理・韓国料理,03-3205-5679,東京都新宿区百人町1-3-20 SKビル1F,https://delicaondoru.com/,0
492,淀橋B,新大久保商店街振興組合,1,1,韓服の店ＯＭＯＩＤＥ,その他サービス業,03-6457-4554,東京都新宿区百人町1-3-17 足立ビル3階,https://omoide111.com,0
493,淀橋B,明和会,1,0,サイクルオリンピック早稲田店,その他小売店,03-5155-5627,東京都新宿区大久保2-2-6 LAQUAS東新宿１F,,0
494,淀橋B,明和会,1,0,どらっぐぱぱす大久保店,ドラッグストア,03-3208-9341,東京都新宿区大久保2-1-8 プラザ新大樹ビル　１階,,0
495,淀橋B,明和会,1,0,ドン・キホーテ新宿明治通り店,百貨店・商業施設,0570-065-611,東京都新宿区戸山3-16-6,https://www.donki.com/,0
496,淀橋B,明和会,1,1,理容　オガタ,理容業・美容業,03-3208-0811,東京都新宿区大久保2-6-10 第2アルプスマンション106,http://www.O-ga-ta.com/,0
497,淀橋B,歌舞伎町商店街振興組合,1,0,３COINS＋plus,その他小売店,03-6380-2322,東京都新宿区歌舞伎町1-30-1 西武新宿ペペ 3F,,0
498,淀橋B,歌舞伎町商店街振興組合,1,0,ABCマート,靴・バッグ販売,03-5155-9517,東京都新宿区歌舞伎町1-30-1 西武新宿ペペ 7F,,0
499,淀橋B,歌舞伎町商店街振興組合,1,0,CHA　BAR,食料品販売,,東京都新宿区歌舞伎町1-30-1 西武新宿ペペ 2F,,0
500,淀橋B,歌舞伎町商店街振興組合,1,1,FAVETTA,フレンチ・イタリアン,03-6233-7710,東京都新宿区歌舞伎町　1-23-14 第1メトロビル1F,https://www.hotpepper.jp/strJ001152637/?vos=evhppxo0002&pog=mt(e)ti(kwd-82327031084092:aud-819154555:loc-96)dv(c)cr(82326355405948)fi()gi(1317217259225412)ci(519952325)lc(138321)nw(o)&msclkid=a31a1b3299eb1f450cb9712ca0010843,0
501,淀橋B,歌舞伎町商店街振興組合,1,0,HangOut HangOver,その他飲食店,03-6302-1690,東京都新宿区歌舞伎町1-30-1 Ｂrick Sｔ.,,0
502,淀橋B,歌舞伎町商店街振興組合,1,0,アインズ＆トルぺ,化粧品販売,03-6265-9070,東京都新宿区歌舞伎町1-30-1 西武新宿ペペ 3F,,0
503,淀橋B,歌舞伎町商店街振興組合,1,0,アモスタイルバイトリンプ,衣料品・寝具販売,03-5291-1875,東京都新宿区歌舞伎町1-30-1 西武新宿ペペ 4F,,0
504,淀橋B,歌舞伎町商店街振興組合,1,0,おむすび権米衛,食料品販売,03-5287-1437,東京都新宿区歌舞伎町1-30-1 西武新宿ペペ B2,,0
505,淀橋B,歌舞伎町商店街振興組合,1,0,オランダ屋,生花・植木販売,03-6233-8187,東京都新宿区歌舞伎町1-30-1 西武新宿ペペ 1F,,0
506,淀橋B,歌舞伎町商店街振興組合,1,0,カフェ・ベローチェ,喫茶店・カフェ,03-6380-3900,東京都新宿区歌舞伎町1-30-1 Ｂrick Sｔ.,,0
507,淀橋B,歌舞伎町商店街振興組合,1,0,キートス,その他小売店,03-5155-6339,東京都新宿区歌舞伎町1-30-1 西武新宿ペペ 4F,,0
508,淀橋B,歌舞伎町商店街振興組合,1,0,キャンドゥ,日用雑貨販売,03-3202-1160,東京都新宿区歌舞伎町1-30-1 西武新宿ペペ 8F,,0
509,淀橋B,歌舞伎町商店街振興組合,1,0,クリスピー・クリーム・ドーナツ,食料品販売,03-6273-8981,東京都新宿区歌舞伎町1-30-1 西武新宿ペペ 2F,,0
510,淀橋B,歌舞伎町商店街振興組合,1,0,サンマルクカフェ,喫茶店・カフェ,03-5155-1316,東京都新宿区歌舞伎町1-30-1 西武新宿ペペ B2,,0
511,淀橋B,歌舞伎町商店街振興組合,1,0,ジーユー,衣料品・寝具販売,03-6233-9237,東京都新宿区歌舞伎町1-30-1 西武新宿ペペ 5F,,0
512,淀橋B,歌舞伎町商店街振興組合,1,0,スイーツボックス,食料品販売,03-5285-1822,東京都新宿区歌舞伎町1-30-1 西武新宿ペペ 2F,,0
513,淀橋B,歌舞伎町商店街振興組合,1,0,すし屋 銀蔵,寿司,03-6457-6460,東京都新宿区歌舞伎町1-30-1 Ｂrick Sｔ.,,0
514,淀橋B,歌舞伎町商店街振興組合,1,1,すずや新宿本店,洋食・レストラン,03-3209-4480,東京都新宿区歌舞伎町1-23-15 SUZUYAビル５階,https://www.toncya-suzuya.co.jp/index.html,0
515,淀橋B,歌舞伎町商店街振興組合,1,0,スターバックスコーヒー,喫茶店・カフェ,03-5155-3826,東京都新宿区歌舞伎町1-30-1 西武新宿ペペ 3F,,0
516,淀橋B,歌舞伎町商店街振興組合,1,0,スマホ修理工房,その他サービス業,03-6273-8950,東京都新宿区歌舞伎町1-30-1 西武新宿ペペ 4F,,0
517,淀橋B,歌舞伎町商店街振興組合,1,0,セガフレード･ザネッティ,喫茶店・カフェ,03-5292-3724,東京都新宿区歌舞伎町1-30-1 西武新宿ペペ 1F,,0
518,淀橋B,歌舞伎町商店街振興組合,1,0,ゾフ,眼鏡・コンタクトレンズ販売,03-3200-0730,東京都新宿区歌舞伎町1-30-1 西武新宿ペペ 4F,,0
519,淀橋B,歌舞伎町商店街振興組合,1,0,だし茶漬け+肉うどん えん,和食・大衆食堂,03-6205-9977,東京都新宿区歌舞伎町1-30-1 西武新宿ペペ 2F,,0
520,淀橋B,歌舞伎町商店街振興組合,1,0,チャイハネ,その他小売店,03-5291-9022,東京都新宿区歌舞伎町1-30-1 西武新宿ペペ 6F,,0
521,淀橋B,歌舞伎町商店街振興組合,1,0,ドルチェフェリーチェ,食料品販売,03-6205-5651,東京都新宿区歌舞伎町1-30-1 西武新宿ペペ 2F,,0
522,淀橋B,歌舞伎町商店街振興組合,1,0,ドン・キホーテ　新宿歌舞伎町店,百貨店・商業施設,0570-010-411,東京都新宿区歌舞伎町1-16-5,https://www.donki.com/,0
523,淀橋B,歌舞伎町商店街振興組合,1,0,ハンズ ビー,その他小売店,03-3202-0109,東京都新宿区歌舞伎町1-30-1 西武新宿ペペ 4F,,0
524,淀橋B,歌舞伎町商店街振興組合,1,0,ビアードパパの作り立て工房,食料品販売,03-6709-6788,東京都新宿区歌舞伎町1-30-1 西武新宿ペペ 2F,,0
525,淀橋B,歌舞伎町商店街振興組合,1,0,プレミィ・コロミィ,婦人服販売,03-6233-9898,東京都新宿区歌舞伎町1-30-1 西武新宿ペペ 2F,,0
526,淀橋B,歌舞伎町商店街振興組合,1,0,ボンラスパイユ,食料品販売,03-5287-1831,東京都新宿区歌舞伎町1-30-1 西武新宿ペペ B2,,0
527,淀橋B,歌舞伎町商店街振興組合,1,0,ミスターミニット,その他サービス業,03-6709-6360,東京都新宿区歌舞伎町1-30-1 西武新宿ペペ 2F,,0
528,淀橋B,歌舞伎町商店街振興組合,1,0,ラップドクレープコロット,食料品販売,03-5155-1950,東京都新宿区歌舞伎町1-30-1 西武新宿ペペ 2F,,0
529,淀橋B,歌舞伎町商店街振興組合,1,0,らぽっぽファーム,食料品販売,03-5285-8867,東京都新宿区歌舞伎町1-30-1 西武新宿ペペ 2F,,0
530,淀橋B,歌舞伎町商店街振興組合,1,0,リラク,エステ・リラクゼーション,03-6457-3305,東京都新宿区歌舞伎町1-30-1 西武新宿ペペ 1F,,0
531,淀橋B,歌舞伎町商店街振興組合,1,0,一蔵,その他サービス業,0120-925-170,東京都新宿区歌舞伎町1-30-1 西武新宿ペペ 4F,,0
532,淀橋B,歌舞伎町商店街振興組合,1,1,叙々苑　新宿歌舞伎町店,焼肉・鉄板焼,03-3200-8989,東京都新宿区歌舞伎町1-18-8 モナミビル9F,https://www.jojoen.co.jp/shop/jojoen/koma/,0
533,淀橋B,歌舞伎町商店街振興組合,1,1,叙々苑　游玄亭新宿,焼肉・鉄板焼,03-5285-0089,東京都新宿区歌舞伎町1-10-7 叙々苑ビル,https://www.jojoen.co.jp/,0
534,淀橋B,歌舞伎町商店街振興組合,1,0,墨繪,パン・サンドイッチ販売,03-6457-3339,東京都新宿区歌舞伎町1-30-1 西武新宿ペペ 2F,,0
535,淀橋B,歌舞伎町商店街振興組合,1,0,天平キムチ,食料品販売,070-9157-3492,東京都新宿区歌舞伎町1-30-1 西武新宿ペペ B2,,0
536,淀橋B,歌舞伎町商店街振興組合,1,0,島村楽器,その他小売店,03-3207-7770,東京都新宿区歌舞伎町1-30-1 西武新宿ペペ 6F,,0
537,淀橋B,歌舞伎町商店街振興組合,1,0,無印良品,その他小売店,03-5292-3951,東京都新宿区歌舞伎町1-30-1 西武新宿ペペ 7F,,0
538,淀橋B,歌舞伎町商店街振興組合,1,1,珈琲西武　本店,喫茶店・カフェ,03-4589-8731,東京都新宿区歌舞伎町1-6-12 ハナミチ東京歌舞伎町2F,https://tabelog.com/tokyo/A1304/A130401/13288884/?msockid=3adf8e1292ed6744257a981193e86683,0
539,淀橋B,歌舞伎町商店街振興組合,1,1,食のHANAMICHI 内藤新宿,和食・大衆食堂,03-4570-8731,東京都新宿区歌舞伎町1-6-12 ハナミチ東京歌舞伎町3F・4F,https://shoku-hanamichi.tokyo/,0
540,淀橋B,戸山ハイツ西通り商店会,1,1,（有）セキノ,衣料品・寝具販売,03-3208-2403,東京都新宿区戸山2-33-126,,0
541,淀橋B,戸山ハイツ西通り商店会,1,1,くらしテックサトウ,家電販売,03-3207-1437,東京都新宿区戸山2-33-123,https://sato-tv.jimdosito.com,0
542,淀橋B,戸山ハイツ西通り商店会,1,0,コープみらい　コープ戸山店,スーパーマーケット,03-3203-0021,東京都新宿区戸山2-33-2,,0
543,淀橋B,戸山ハイツ西通り商店会,1,1,トラットリア　マツモト,洋食・レストラン,03-3208-4166,東京都新宿区戸山2-33-118,,0
544,淀橋B,戸山ハイツ西通り商店会,1,1,山本フラワー,生花・植木販売,03-3202-0011,東京都新宿区戸山2-33-133,http://www.eflora.co.jp/shop/yamamotof/,0
545,淀橋B,戸山ハイツ西通り商店会,1,1,幸徳屋,その他小売店,03-3208-3880,東京都新宿区戸山2-33-124,,0
546,淀橋B,戸山ハイツ西通り商店会,1,1,戸山クリーニング,クリーニング店,03-3203-0265,東京都新宿区戸山2-33-127,,0
547,淀橋B,戸山ハイツ西通り商店会,1,1,理容　フィガロ,理容業・美容業,03-3203-1997,東京都新宿区戸山2-33-103,,0
548,淀橋B,新宿マンモス通り商栄会,1,1,セブンイレブン新宿東店,コンビニエンスストア,03-3202-6825,東京都新宿区大久保1-1-7,,0
549,淀橋B,新宿マンモス通り商栄会,1,0,ドン・キホーテ　新宿店,百貨店・商業施設,0570-005-921,東京都新宿区大久保1-12-6 サンセール新宿,https://www.donki.com/,0
550,淀橋B,新宿マンモス通り商栄会,1,1,合資会社上林商店,日用雑貨販売,03-3200-8584,東京都新宿区歌舞伎町2-42-11,http://www.kanbayashi.biz/,0
551,淀橋B,新宿マンモス通り商栄会,1,1,富士生花店,生花・植木販売,03-3209-4436,東京都新宿区歌舞伎町2-17-9 藤井ビル,,0
552,淀橋B,新宿マンモス通り商栄会,1,1,業務用スーパー　ＳＨＩＯＤＡＹＡ　新宿店,スーパーマーケット,03-3200-1129,東京都新宿区大久保1-11-3 大東ビル1F,https://shiodaya.com/company/,0
553,淀橋B,新宿大久保親興会,1,1,よしだや餅菓子店　新宿店,食料品販売,03-3209-5832,東京都新宿区新宿7-27-24 コンフォート東新宿　1階,,0
554,淀橋B,新宿大久保親興会,1,1,三徳新宿本店,スーパーマーケット,03-3203-3109,東京都新宿区大久保2-1-1,https://santoku.co.jp/syop/20,0
555,淀橋B,新宿大久保親興会,1,1,株式会社　深山園,食料品販売,03-3202-2627,東京都新宿区新宿7-27-25,,0
556,戸塚,高田馬場親栄会,1,1,セオサイクル高田馬場店,その他小売店,03-6908-8572,東京都新宿区高田馬場3-37-4 中村ビル1F,,0
557,戸塚,高田馬場親栄会,1,1,江南,ラーメン,03-6875-2303,東京都新宿区百人町4-9-6,,0
558,戸塚,高田馬場西商店街振興組合,1,1,CAVE BAR,居酒屋・ダイニングバー,03-3368-8075,東京都新宿区高田馬場3-12-6 高田馬場西商店街ビル,,0
559,戸塚,高田馬場西商店街振興組合,1,1,あいらくてい,中華料理・韓国料理,03-3365-0155,東京都新宿区高田馬場3-22-4,,0
560,戸塚,高田馬場西商店街振興組合,1,0,オオゼキ高田馬場店,スーパーマーケット,03-5338-0201,東京都新宿区高田馬場3-12-10,,0
561,戸塚,高田馬場西商店街振興組合,1,0,くすりの福太郎　高田馬場駅西口店,ドラッグストア,03-5338-5329,東京都新宿区高田馬場4-9-12,https://shop.tsuruha-g.com/2862,0
562,戸塚,高田馬場西商店街振興組合,1,1,くらしテック佐藤高田馬場店,家電販売,03-3367-0310,東京都新宿区高田馬場3-13-1,,0
563,戸塚,高田馬場西商店街振興組合,1,0,トモズ高田馬場店,ドラッグストア,03-6908-5605,東京都新宿区高田馬場3-12-2 高田馬場OCビル１F,https://shop.tomods.jp/detail/179/,0
564,戸塚,高田馬場西商店街振興組合,1,0,マルエツプチ高田馬場店,スーパーマーケット,03-5389-1740,東京都新宿区高田馬場3-23-1,,0
565,戸塚,高田馬場西商店街振興組合,1,1,一番飯店,中華料理・韓国料理,03-3368-7215,東京都新宿区高田馬場4-28-18 一番飯店ビル,https://ichibanhanten.com,0
566,戸塚,高田馬場西商店街振興組合,1,1,伊豆栄,その他飲食店,03-3361-1003,東京都新宿区高田馬場4-13-12,,0
567,戸塚,高田馬場西商店街振興組合,1,1,八百吉　果実部,食料品販売,03-3361-1091,東京都新宿区高田馬場4-18-10  104,,0
568,戸塚,高田馬場西商店街振興組合,1,1,八百吉　青物部,食料品販売,03-3368-3181,東京都新宿区高田馬場4-18-10-105,,0
569,戸塚,高田馬場西商店街振興組合,1,1,叙々苑　高田馬場店,焼肉・鉄板焼,03-3368-6036,東京都新宿区高田馬場3-12-5 セブンビル1F,https://www.jojoen.co.jp/,0
570,戸塚,高田馬場西商店街振興組合,1,1,宝石時計Ｓｕｄｏ,時計販売,03-3362-6117,東京都新宿区高田馬場4-11-9,,0
571,戸塚,高田馬場西商店街振興組合,1,1,御菓子司青柳,食料品販売,03-3371-8951,東京都新宿区高田馬場4-13-12,,0
572,戸塚,高田馬場西商店街振興組合,1,1,愛国製茶本店,食料品販売,03-6304-0813,東京都新宿区高田馬場4-10-8,https://www.aikoku-seicha.co.jp,0
573,戸塚,高田馬場西商店街振興組合,1,1,新昌苑,焼肉・鉄板焼,03-3371-4930,東京都新宿区高田馬場4-17-11 新昌苑,http://shinsyouen.com/,0
574,戸塚,高田馬場西商店街振興組合,1,1,有限会社スドウ靴店,靴・バッグ販売,03-3371-7878,東京都新宿区高田馬場4-12-8,,0
575,戸塚,高田馬場西商店街振興組合,1,1,東海林理容館,理容業・美容業,03-3361-3591,東京都新宿区高田馬場4-13-12,,0
576,戸塚,高田馬場西商店街振興組合,1,0,株式会社西友　高田馬場店,スーパーマーケット,03-3227-7001,東京都新宿区高田馬場3-3-8,https://www.seiyu.co.jp,0
577,戸塚,高田馬場西商店街振興組合,1,1,福茶庵,居酒屋・ダイニングバー,03-3364-0577,東京都新宿区高田馬場3-12-6 高田馬場西商店街ビルB1,https://www.fukuchaan.com,0
578,戸塚,高田馬場西商店街振興組合,1,1,竹乃家,そば・うどん,03-3371-6934,東京都新宿区高田馬場4-13-11,,0
579,戸塚,高田馬場宮田商店会,1,1,CHICAFE Atelier Leaf,喫茶店・カフェ,03-5937-5003,東京都新宿区高田馬場3-10-1 パラシオ102,,0
580,戸塚,さかえ通り商店会,1,1,さかなや魚清,居酒屋・ダイニングバー,03-3371-8297,東京都新宿区高田馬場3-2-11,,0
581,戸塚,さかえ通り商店会,1,1,はりとお灸と…ｎｅｕｌａ,鍼灸・あん摩マッサージ,070-8516-2530,東京都新宿区高田馬場3-4-18   2階,https://neula.work,0
582,戸塚,さかえ通り商店会,1,1,高田馬場ビール食堂,居酒屋・ダイニングバー,03-6883-5004,東京都新宿区高田馬場3-4-13 日鉄ビル1F中央,https://tabelog.com/tokyo/A1305/A130503/13226287/,0
583,戸塚,さかえ通り商店会,1,1,高田馬場邸,居酒屋・ダイニングバー,03-5937-3680,東京都新宿区高田馬場3-5-3 第90東京ビル3F,,0
584,戸塚,高田馬場銀座商店街振興組合,1,1,（株）書泉　芳林堂書店　高田馬場店,書店,03-3208-0241,東京都新宿区高田馬場1-26-5 FIビル3階,https://www.horindo.co.jp,0
585,戸塚,高田馬場銀座商店街振興組合,1,0,3COINS,その他小売店,03-6205-6411,東京都新宿区高田馬場1-35-3 BIGBOX高田馬場1F,,0
586,戸塚,高田馬場銀座商店街振興組合,1,1,CHIKUHO,文具店,03-3205-9511,東京都新宿区高田馬場1-28-10 三慶ビル,https://chikuho.com/,0
587,戸塚,高田馬場銀座商店街振興組合,1,0,earth music & ecology premium store,婦人服販売,03-5287-7250,東京都新宿区高田馬場1-35-3 BIGBOX高田馬場1F,,0
588,戸塚,高田馬場銀座商店街振興組合,1,1,FLATTORIA,フレンチ・イタリアン,03-3205-9182,東京都新宿区高田馬場1-25-30,https://www.flattoria.com,0
589,戸塚,高田馬場銀座商店街振興組合,1,0,INDEX,婦人服販売,03-5287-3518,東京都新宿区高田馬場1-35-3 BIGBOX高田馬場1F,,0
590,戸塚,高田馬場銀座商店街振興組合,1,0,ITS’DEMO,婦人服販売,03-5287-3572,東京都新宿区高田馬場1-35-3 BIGBOX高田馬場1F,,0
591,戸塚,高田馬場銀座商店街振興組合,1,0,JINS,眼鏡・コンタクトレンズ販売,03-3200-7810,東京都新宿区高田馬場1-35-3 BIGBOX高田馬場2F,,0
592,戸塚,高田馬場銀座商店街振興組合,1,0,Olympic早稲田,日用雑貨販売,03-3204-6791,東京都新宿区高田馬場1-1-15 オリンピック早稲田ビル,,0
593,戸塚,高田馬場銀座商店街振興組合,1,0,ORiental Traffic,靴・バッグ販売,03-6302-1151,東京都新宿区高田馬場1-35-3 BIGBOX高田馬場1F,,0
594,戸塚,高田馬場銀座商店街振興組合,1,1,アイシティ高田馬場店,眼鏡・コンタクトレンズ販売,03-6233-9491,東京都新宿区高田馬場2-18-11 稲門ビル2F,https://www.eyecity.jp/shop/284/,0
595,戸塚,高田馬場銀座商店街振興組合,1,1,アメリカンダイニング ホーミーズ,その他飲食店,03-3202-8882,東京都新宿区高田馬場2-9-1,,0
596,戸塚,高田馬場銀座商店街振興組合,1,0,アモスタイル バイ トリンプ,衣料品・寝具販売,03-5287-3120,東京都新宿区高田馬場1-35-3 BIGBOX高田馬場2F,,0
597,戸塚,高田馬場銀座商店街振興組合,1,0,おしゃれ工房,その他サービス業,03-5273-5828,東京都新宿区高田馬場1-35-3 BIGBOX高田馬場2F,,0
598,戸塚,高田馬場銀座商店街振興組合,1,0,かんかん,婦人服販売,03-3209-5350,東京都新宿区高田馬場1-35-3 BIGBOX高田馬場2F,,0
599,戸塚,高田馬場銀座商店街振興組合,1,1,キッチン谷沢,洋食・レストラン,03-3208-7610,東京都新宿区高田馬場2-2-15,,0
600,戸塚,高田馬場銀座商店街振興組合,1,0,くいもの屋　わん,居酒屋・ダイニングバー,03-5287-3310,東京都新宿区高田馬場1-35-3 BIGBOX高田馬場9F,,0
601,戸塚,高田馬場銀座商店街振興組合,1,0,グレイスター,婦人服販売,03-5272-0333,東京都新宿区高田馬場1-35-3 BIGBOX高田馬場1F,,0
602,戸塚,高田馬場銀座商店街振興組合,1,1,クローゼット,婦人服販売,03-3200-3085,東京都新宿区高田馬場2-2-2,,0
603,戸塚,高田馬場銀座商店街振興組合,1,0,サーティワン アイスクリーム,その他飲食店,03-6205-6531,東京都新宿区高田馬場1-35-3 BIGBOX高田馬場2F,,0
604,戸塚,高田馬場銀座商店街振興組合,1,0,サイゼリヤ,フレンチ・イタリアン,03-5155-3990,東京都新宿区高田馬場1-35-3 BIGBOX高田馬場9F,,0
605,戸塚,高田馬場銀座商店街振興組合,1,0,スギ薬局　高田馬場店,ドラッグストア,03-5155-8910,東京都新宿区高田馬場1-4-15  大樹生命高田馬場ビル1F,https://www.sugi-net.jp/,0
606,戸塚,高田馬場銀座商店街振興組合,1,0,スシロー,寿司,03-5291-1381,東京都新宿区高田馬場1-35-3 BIGBOX高田馬場9F,,0
607,戸塚,高田馬場銀座商店街振興組合,1,0,すたみな太郎NEXT,その他飲食店,03-5287-3121,東京都新宿区高田馬場1-35-3 BIGBOX高田馬場9F,,0
608,戸塚,高田馬場銀座商店街振興組合,1,1,セブンイレブン高田馬場一丁目店,コンビニエンスストア,03-3202-2850,東京都新宿区高田馬場1-5-21,,0
609,戸塚,高田馬場銀座商店街振興組合,1,0,タリーズコーヒー,喫茶店・カフェ,03-6380-2650,東京都新宿区高田馬場1-35-3 BIGBOX高田馬場2F,,0
610,戸塚,高田馬場銀座商店街振興組合,1,0,ダンロップゴルフスクール,カルチャー教室,03-5272-5205,東京都新宿区高田馬場1-35-3 BIGBOX高田馬場5F,,0
611,戸塚,高田馬場銀座商店街振興組合,1,0,デリフランス,パン・サンドイッチ販売,03-5155-5341,東京都新宿区高田馬場1-35-3 BIGBOX高田馬場1F,,0
612,戸塚,高田馬場銀座商店街振興組合,1,0,ドン・キホーテ高田馬場駅前店,百貨店・商業施設,0570-046-511,東京都新宿区高田馬場1-26-5,https://www.donki.com/,0
613,戸塚,高田馬場銀座商店街振興組合,1,0,ネイルパフェ,理容業・美容業,03-6457-3581,東京都新宿区高田馬場1-35-3 BIGBOX高田馬場2F,,0
614,戸塚,高田馬場銀座商店街振興組合,1,0,ピーコックストア高田馬場店,スーパーマーケット,03-3209-7201,東京都新宿区高田馬場1-28-7,https://aeonmarket.co.jp/peacock_shop_detail.php?name=takadanobaba,0
615,戸塚,高田馬場銀座商店街振興組合,1,0,マツモトキヨシ　高田馬場二丁目店,ドラッグストア,03-5155-5310,東京都新宿区高田馬場2-14-2 新陽ビル103,,0
616,戸塚,高田馬場銀座商店街振興組合,1,0,ユニクロ,衣料品・寝具販売,03-6233-0263,東京都新宿区高田馬場1-35-3 BIGBOX高田馬場2F,,0
617,戸塚,高田馬場銀座商店街振興組合,1,1,リストランテ文流,フレンチ・イタリアン,03-3208-5447,東京都新宿区高田馬場1-26-5 FIビル地下,https://tabelog.com/tokyo/A1305/A130503/13000104/,0
618,戸塚,高田馬場銀座商店街振興組合,1,0,ローリーズファーム,婦人服販売,03-6380-3653,東京都新宿区高田馬場1-35-3 BIGBOX高田馬場1F,,0
619,戸塚,高田馬場銀座商店街振興組合,1,0,ロフト,その他小売店,03-3209-6210,東京都新宿区高田馬場1-35-3 BIGBOX高田馬場2F,,0
620,戸塚,高田馬場銀座商店街振興組合,1,0,小守スポーツマッサージ療院,整体・ボディケア,03-3204-5481,東京都新宿区高田馬場1-35-3 BIGBOX高田馬場5F,,0
621,戸塚,高田馬場銀座商店街振興組合,1,0,成城石井 高田馬場店,スーパーマーケット,03-5287-1472,東京都新宿区高田馬場2-13-2 プライムゲート1階,,0
622,戸塚,高田馬場銀座商店街振興組合,1,1,株式会社 旅屋,その他の業種,03-6228-0852,東京都新宿区高田馬場2-14-2 新陽ビル,,0
623,戸塚,高田馬場銀座商店街振興組合,1,1,歌声喫茶ともしび,その他の業種,03-6233-8381,東京都新宿区高田馬場2-14-9 アティレビル1F,https://tomoshibi.co.jp/utagoekissa/,0
624,戸塚,高田馬場銀座商店街振興組合,1,0,西武フィットネスクラブ,カルチャー教室,03-5272-5203,東京都新宿区高田馬場1-35-3 BIGBOX高田馬場3F・4F・5F,,0
625,戸塚,高田馬場銀座商店街振興組合,1,0,高田馬場グランドボウル,その他の業種,03-3232-1220,東京都新宿区高田馬場1-35-3 BIGBOX高田馬場8F,,0
626,戸塚,高田馬場銀座商店街振興組合,1,0,龍生堂薬局　ワセダ東店,ドラッグストア,03-5291-7260,東京都新宿区高田馬場1-6-16,https://www.ryuseido.co.jp,0
627,戸塚,西早稲田商店会,1,0,AOKI西早稲田店,衣料品・寝具販売,03-5292-1088,東京都新宿区西早稲田2-21-12 フェアウインド高田馬場1.2F,,0
628,戸塚,西早稲田商店会,1,1,DREAMSPARK,バー・スナック・パブ,080-2022-2426,東京都新宿区西早稲田2-18-25 U Share 1F,https://www.instagram.com/dreamspark_waseda/,0
629,戸塚,西早稲田商店会,1,1,ＰＡＩＮＴ,衣料品・寝具販売,03-3204-3634,東京都新宿区西早稲田3-19-3,,0
630,戸塚,西早稲田商店会,1,1,ＳｕｎｎｙＳｉｄｅ,その他飲食店,03-5272-6119,東京都新宿区西早稲田3-28-1 ＲＩＣＯＳビル２Ｆ,https://www.sunny-side.jp,0
631,戸塚,西早稲田商店会,1,1,ＷＡＳＥＤＡや,和食・大衆食堂,03-5155-3265,東京都新宿区西早稲田3-19-1 B1,,0
632,戸塚,西早稲田商店会,1,1,カレーハウスCoCo壱番屋新宿早稲田通店,カレー・エスニック料理,03-3232-5076,東京都新宿区西早稲田2-18-23-103 スカイエスタ,,0
633,戸塚,西早稲田商店会,1,0,くすりの福太郎西早稲田店,ドラッグストア,03-6380-2941,東京都新宿区西早稲田2-20-12,,0
634,戸塚,西早稲田商店会,1,1,コンフィデンス早稲田,食料品販売,03-6233-9714,東京都新宿区西早稲田2-18-22,,0
635,戸塚,西早稲田商店会,1,1,サイクルスポット西早稲田店,その他小売店,03-5292-5048,東京都新宿区西早稲田2-21-4,https://www.cyclespot.net/,0
636,戸塚,西早稲田商店会,1,1,さかなやしんせい,居酒屋・ダイニングバー,050-1808-3645,東京都新宿区西早稲田3-28-1 佐藤ビルB1F,,0
637,戸塚,西早稲田商店会,1,1,スリランカ　APSARA,カレー・エスニック料理,03-6205-5252,東京都新宿区西早稲田3-19-1 イセハラビル1階,,0
638,戸塚,西早稲田商店会,1,1,安兵衛寿司,寿司,03-3203-7494,東京都新宿区西早稲田２―１５―１０,,0
639,戸塚,西早稲田商店会,1,1,東京堂シャツ,紳士服販売,03-3209-9684,東京都新宿区西早稲田3-15-5 K2ビル２階,http://www.tokyodo-shirt.co.jp,0
640,戸塚,西早稲田商店会,1,1,羊のロッヂ,焼肉・鉄板焼,03-6457-3929,東京都新宿区西早稲田3-19-3,https://hitsujinolodge.com/,0
641,戸塚,西早稲田商店会,1,1,花咲,居酒屋・ダイニングバー,03-3205-3758,東京都新宿区西早稲田2-18-22-B1 上地ビル,,0
642,戸塚,西早稲田商店会,1,1,隣のロッヂ,焼肉・鉄板焼,03-6302-1670,東京都新宿区高田馬場2-15-4 金田ビル2階,https://hitsujinolodge.com/,0
643,戸塚,西早稲田商店会,1,1,餃子酒場たっちゃん西早稲田店,居酒屋・ダイニングバー,03-6457-6829,東京都新宿区西早稲田2-18-23 スカイエスタ101,https://tabelog.com/tokyo/A1305/A130504/13211613/,0
644,戸塚,西早稲田商店会,1,1,髪　騎士,理容業・美容業,03-5272-2303,東京都新宿区西早稲田3-20-6   1F,http://knight-hair.com,0
645,戸塚,ワセダグランド商店会,1,1,Hiro’s cafe,和食・大衆食堂,03-6233-8988,東京都新宿区西早稲田1-1-20 プリンセスライン西早稲田1F,,0
646,戸塚,ワセダグランド商店会,1,1,ワセダ食堂,食料品販売,090-2753-9232,東京都新宿区西早稲田3-14-2   102,https://oneglobal.co.jp,0
647,戸塚,ワセダグランド商店会,1,1,三徳西早稲田店,スーパーマーケット,03-3232-3109,東京都新宿区西早稲田3-12-5,https://santoku.co.jp/syop/2055,0
648,戸塚,ワセダグランド商店会,1,1,八幡鮨,寿司,03-3203-1634,東京都新宿区西早稲田3丁目1-1 安井ビルディング1F,https://yahatazushi.com,0
649,戸塚,ワセダグランド商店会,1,1,兼六寿司,寿司,03-3202-0981,東京都新宿区西早稲田2-10-18 パティオ西早稲田,,0
650,戸塚,ワセダグランド商店会,1,1,早稲田みやぎ整骨院,整体・ボディケア,03-6380-2715,東京都新宿区西早稲田2-10-22 クレッシェント西早稲田1階,,0
651,戸塚,ワセダグランド商店会,1,1,花蓮,中華料理・韓国料理,03-3203-3608,東京都新宿区西早稲田2-5-12 ザステージ早稲田101,,0
652,戸塚,早稲田商店会,1,1,キュート早稲田整骨院,鍼灸・あん摩マッサージ,03-6302-1878,東京都新宿区西早稲田1-13-6 佐藤ビル1階,,0
653,戸塚,早稲田商店会,1,1,サウンドショップニッポー,その他小売店,03-3202-4415,東京都新宿区西早稲田1-18-1,http://www.sound-nippo.com,0
654,戸塚,早稲田商店会,1,1,スンドゥブとビビンバ　Haru Hana,中華料理・韓国料理,090-8896-5767,東京都新宿区西早稲田1-23-7 りはいむわせだ101,,0
655,戸塚,早稲田商店会,1,1,セブン-イレブン西早稲田一丁目店,コンビニエンスストア,03-3204-8508,東京都新宿区西早稲田1-9-21,,0
656,戸塚,早稲田商店会,1,1,ヤマノ輪業,その他小売店,03-3203-0814,東京都新宿区西早稲田1-13-1 マンション西田1F,,0
657,戸塚,早稲田商店会,1,1,三幸書房,書店,03-3203-6539,東京都新宿区西早稲田1-8-12 アサヒパレス早稲田102,,0
658,戸塚,早稲田商店会,1,1,東寿司,寿司,03-3203-9393,東京都新宿区早稲田鶴巻町111,,0
659,戸塚,早稲田商店会,1,1,鈴長クリーニング　　西早稲田店,クリーニング店,03-3208-1224,東京都新宿区西早稲田1-20-12,,0
660,戸塚,大隈通り商店会,1,1,こだわり商店,スーパーマーケット,03-3203-5801,東京都新宿区西早稲田1-9-13 ダイヤハイツ西早稲田102,,0
661,戸塚,大隈通り商店会,1,1,こはぜ珈琲早稲田店,喫茶店・カフェ,03-6233-9030,東京都新宿区西早稲田1-9-13 ダイヤハイツ西早稲田103,https://www.cohaze-coffee.com/,0
662,戸塚,大隈通り商店会,1,1,わせだ　沖縄食堂,和食・大衆食堂,03-3208-4516,東京都新宿区西早稲田1-8-18,,0
663,戸塚,大隈通り商店会,1,1,早稲田モンスターズキッチン,和食・大衆食堂,03-6228-0321,東京都新宿区西早稲田1-9-9 FOREST早稲田1F,,0
664,戸塚,上落合三丁目商盛会,1,1,スーパーみらべる中井店,スーパーマーケット,03-5332-7755,東京都新宿区上落合3-5-16,http://www.super-mirabelle.jp/,0
665,戸塚,上落合三丁目商盛会,1,0,ツルハドラッグ新宿上落合店,ドラッグストア,03-5338-7410,東京都新宿区上落合3-8-25 FLAMPビル1F,,0
666,戸塚,上落合三丁目商盛会,1,1,旨味中房こじゃれ,中華料理・韓国料理,03-5332-5400,東京都新宿区上落合3-13-3,,0
667,戸塚,上落合三丁目商盛会,1,1,魚ごん,その他小売店,03-3368-1736,東京都新宿区上落合3-13-2,,0
668,戸塚,目白通り商いの会,1,1,ｃａｆｅ　ひととき,喫茶店・カフェ,03-3950-3730,東京都新宿区下落合4-25-7 コンフォート目白1F,,0
669,戸塚,目白通り商いの会,1,1,おおはま接骨院,整体・ボディケア,03-3951-5834,東京都豊島区目白5-5-3 クオス目白1F,,0
670,戸塚,目白通り商いの会,1,1,クリーニングピュアホワイト,クリーニング店,03-6908-3141,東京都新宿区下落合4-26-3,http://www.cl-wakou.com/shops/purewhite/,0
671,戸塚,目白通り商いの会,1,1,トイホビーカネモ,ゲーム・おもちゃ・娯楽用品,03-3951-8938,東京都新宿区中落合2-1-10 カネモビル目白西101,,0
672,戸塚,目白通り商いの会,1,1,なんでも酒やカクヤス下落合店,酒店,03-5988-0246,東京都新宿区下落合4-23-16 ライプワン目白,https://www.kakuyasu.co.jp/store/app/shop/744-shimoochiai/,0
673,戸塚,目白通り商いの会,1,1,メジロパン,パン・サンドイッチ販売,03-6915-3276,東京都新宿区下落合4-26-4 コリーナ目白1F,,0
674,戸塚,目白通り商いの会,1,1,中国料理かしわぎ,中華料理・韓国料理,03-3951-4970,東京都新宿区中落合2-1-15-101,,0
675,戸塚,目白通り商いの会,1,1,丸八屋,居酒屋・ダイニングバー,03-3951-6041,東京都豊島区目白5-3-7,,0
676,戸塚,目白通り商いの会,1,1,有限会社　ニュー花矢,生花・植木販売,03-3950-7087,東京都新宿区下落合4-25-19,http://new878.jp,0
677,戸塚,目白通り商いの会,1,1,有限会社斉藤輪業,その他小売店,03-3951-0623,東京都新宿区中落合2-1-15,,0
678,戸塚,目白通り商いの会,1,1,栄すし,寿司,03-3951-2294,東京都新宿区下落合4-21-13,,0
679,戸塚,目白通り商いの会,1,1,理容イトウ,理容業・美容業,03-3951-5608,東京都新宿区下落合4-25-8,,0
680,戸塚,目白通り商いの会,1,1,目白のえほんや　にこにこ書店,書店,03-3565-6232,東京都新宿区下落合4-26-13 目白金井ビル1F,http://www.nikoniko-books.com,0
681,戸塚,目白通り商いの会,1,1,福の湯,銭湯・サウナ,03-3951-5925,東京都新宿区下落合4-25-10,,0
682,戸塚,目白通り商いの会,1,1,稲毛屋,和食・大衆食堂,03-3953-1414,東京都新宿区中落合2-1-15 ゼファー目白ビァージュ　104,,0
683,戸塚,西落合旭通り商店会,1,1,EMクリーニングハヤシ西落合店,クリーニング店,03-3565-3366,東京都新宿区西落合2-5-12 NIセントラルマンション１F,https://emhayashi.com/,0
684,戸塚,西落合旭通り商店会,1,1,スーパー　いせみつ,スーパーマーケット,03-3951-9680,東京都新宿区西落合2-7-16 伊勢光ビル1F,,0
685,戸塚,西落合旭通り商店会,1,1,喫茶パレット,喫茶店・カフェ,03-3951-5470,東京都新宿区西落合1-21-11,,0
686,戸塚,西落合旭通り商店会,1,1,土佐屋,食料品販売,03-3953-8225,東京都新宿区西落合2-6-4,https://shinjuku-loupe.info/p/member/1402,0
687,戸塚,西落合旭通り商店会,1,1,有限会社丸沢商事　小澤米店,米穀店,03-3950-3030,東京都新宿区西落合2-8-1,,0
688,戸塚,西落合旭通り商店会,1,1,遊食彩旬乃’ＳＡＮ,居酒屋・ダイニングバー,03-3953-3795,東京都新宿区西落合2-11-3,,0
689,戸塚,哲学堂商栄会,1,1,ＲＡＫＵ　ｃｒｅａｔｏｒ’ｓ　ｃｏｆｆｅｅ　ｓｔｕｄｉｏ,喫茶店・カフェ,090-8855-8625,東京都新宿区西落合2-15-13   1F,https://raku.coffee,0
690,戸塚,哲学堂商栄会,1,1,ヒグチサイクル,その他小売店,03-3951-7744,東京都新宿区西落合3-30-4,,0
691,戸塚,哲学堂商栄会,1,0,ライフ落合南長崎駅前店,スーパーマーケット,03-3565-3261,東京都豊島区南長崎4-5-20,https://store.lifecorp.jp/detail/east885/,0
692,戸塚,哲学堂商栄会,1,1,哲学堂靴修理店,その他サービス業,03-3951-7667,東京都新宿区西落合2-15-11,https://t-kutsushuri.com/,0
693,戸塚,哲学堂商栄会,1,1,手作りハム・ソーセージ工房　デリカクラシック,その他の業種,03-6915-3444,東京都新宿区西落合3-26-2 国井ビル1階,http://delicaclassic.ocnk.net/,0
694,戸塚,オレンジコートショッピングセンター会,1,1,ＲＩＹＯＵダイカイ,理容業・美容業,03-3200-8851,東京都新宿区大久保3-10-1-24 オレンジコート内,,0
695,戸塚,オレンジコートショッピングセンター会,1,1,クリーニングオリックオレンジコート店,クリーニング店,03-3200-0418,東京都新宿区大久保3-10-1,http://www.olyc.co.jp,0
696,戸塚,オレンジコートショッピングセンター会,1,1,こくーん,喫茶店・カフェ,03-5285-0435,東京都新宿区大久保3-10-1 オレンジコートショッピングセンター内,,0
697,戸塚,オレンジコートショッピングセンター会,1,1,マイポシェット,衣料品・寝具販売,03-3209-6091,東京都新宿区大久保3-10-1 ニュータウンオークボ1F11号,,0
698,戸塚,オレンジコートショッピングセンター会,1,0,マルエツ　オレンジコート店,スーパーマーケット,03-3232-9421,東京都新宿区大久保3-10-1,,0
699,戸塚,オレンジコートショッピングセンター会,1,1,理容アカサカ,理容業・美容業,03-3209-6381,東京都新宿区大久保3-10-1-8,,0
700,戸塚,早大西門体育館通り商店会,1,1,おにぎり屋かわしま,和食・大衆食堂,090-5357-7716,東京都新宿区西早稲田1-4-19 スリーベルマンションⅢ1A,,0
701,戸塚,早大西門体育館通り商店会,1,1,三品食堂,洋食・レストラン,03-3202-6563,東京都新宿区西早稲田1-4-25,https://shinjuku-loupe.info/p/member/330,0
702,戸塚,早大西門体育館通り商店会,1,1,十文字,ラーメン,090-8115-5829,東京都新宿区西早稲田1-4-17 十文字,,0
703,戸塚,早大西門体育館通り商店会,1,1,早稲田　いねや本館,食料品販売,03-3203-4098,東京都新宿区西早稲田1-4-18,,0
704,戸塚,早大西門体育館通り商店会,1,1,株式会社藤田電機,家電販売,03-3202-9671,東京都新宿区西早稲田1-5-3,http://www.fujitadenki.com,0
705,戸塚,早稲田大学南門通り商店会,1,1,A&A CAFE,フレンチ・イタリアン,03-6205-9791,東京都新宿区戸塚町1-102-11 ニューライフ早稲田１F,https://ryohd.com/,0
706,戸塚,早稲田大学南門通り商店会,1,1,ｓｗｉｔｃｈ,日用雑貨販売,03-3202-2606,東京都新宿区西早稲田1-1-4 川崎ビル1F,http://www.switch-daikanyama.net,0
707,戸塚,早稲田大学南門通り商店会,1,1,Vegeto Coffee,喫茶店・カフェ,03-6205-9410,東京都新宿区西早稲田1-1-8,,0
708,戸塚,早稲田大学南門通り商店会,1,1,キッチン南国,洋食・レストラン,03-3208-2554,東京都新宿区戸塚町1-101-15 武藤ビル1F,,0
709,戸塚,早稲田大学南門通り商店会,1,1,喫茶ぷらんたん,喫茶店・カフェ,03-3202-8333,東京都新宿区戸塚町1-101-13,,0
710,戸塚,早稲田大学南門通り商店会,1,1,尾張屋,そば・うどん,03-3203-9798,東京都新宿区西早稲田1-1-3,,0
711,戸塚,早稲田大学南門通り商店会,1,1,早苗,喫茶店・カフェ,03-6265-9454,東京都新宿区戸塚町1-102,https://waseda-sanae.com,0
712,戸塚,上落合発展会,1,1,とらじ亭,中華料理・韓国料理,03-3371-7067,東京都新宿区上落合1-16-1,,0
713,戸塚,上落合発展会,1,0,どらっぐぱぱす下落合店,ドラッグストア,03-3954-4188,東京都新宿区下落合1-15-17,,0
714,戸塚,上落合発展会,1,1,とんかつ　食事処　たかはし,洋食・レストラン,03-3368-7846,東京都新宿区上落合2-6-3,,0
715,戸塚,上落合発展会,1,1,ファミリーマート新宿上落合店,コンビニエンスストア,03-5348-7471,東京都新宿区上落合2-8-16,,0
716,戸塚,上落合発展会,1,1,昭和薬品,化粧品販売,03-3367-0486,東京都新宿区上落合1-24-8,,0
717,戸塚,上落合発展会,1,1,榊原米穀店,米穀店,03-3361-6869,東京都新宿区上落合2-6-6,https://www.instagram.com/sakakibarabeikokuten/,0
718,戸塚,上落合発展会,1,1,甲州屋,食料品販売,03-3368-5235,東京都新宿区上落合2-12-1,,0
719,戸塚,上落合発展会,1,1,鮮魚酒場　紬季,居酒屋・ダイニングバー,03-6826-2860,東京都新宿区上落合1-16-1,,0
720,戸塚,上落合発展会,1,1,鳥ふじ,居酒屋・ダイニングバー,03-3371-8091,東京都新宿区上落合1-16-1,,0
721,戸塚,中井商友会,1,1,89屋,焼肉・鉄板焼,03-6279-1399,東京都新宿区上落合2-18-9 ネオプラザ101,,0
722,戸塚,中井商友会,1,1,a.do.to,居酒屋・ダイニングバー,03-3371-8719,東京都新宿区上落合2-22-1,,0
723,戸塚,中井商友会,1,1,A＆Kアンジェリカ,婦人服販売,090-9245-3512,東京都新宿区上落合2-20-2 シャトーレ志賀１F,,0
724,戸塚,中井商友会,1,1,BOOKSHOPトランスビュー大江戸中井店,書店,03-3361-6262,東京都新宿区上落合2-20-6,,0
725,戸塚,中井商友会,1,1,EMクリーニングハヤシ落合駅前店,クリーニング店,03-5386-3307,東京都新宿区上落合3-8-2,https://emhayashi.com/,0
726,戸塚,中井商友会,1,1,ｆａｃｉａｌ　ｓａｌｏｎ　びじょるか,エステ・リラクゼーション,03-6822-7881,東京都新宿区上落合2-17-5 楓あん1階,http://bijorhca.net/,0
727,戸塚,中井商友会,1,1,オリーブモンド,フレンチ・イタリアン,03-3361-5925,東京都新宿区上落合2-20-2 杉山ビル1階,,0
728,戸塚,中井商友会,1,1,お茶の間キッチン カブトムシ,居酒屋・ダイニングバー,03-6324-3238,東京都新宿区上落合2-21-10,,0
729,戸塚,中井商友会,1,1,カメラの三光堂,カメラ・写真用品販売,03-3362-2610,東京都新宿区上落合2-19-6,,0
730,戸塚,中井商友会,1,1,クリーニング スターショップ,クリーニング店,03-3227-1510,東京都新宿区上落合2-20-3 メゾンドコンドウ 102,,0
731,戸塚,中井商友会,1,1,ビューティ　ミヤギ,理容業・美容業,03-3371-6738,東京都新宿区上落合2-18-12 レーヌ木下101,,0
732,戸塚,中井商友会,1,0,マツモトキヨシ中井駅前店,ドラッグストア,03-5338-2203,東京都新宿区上落合2-17-13 シエルブルー上落合,,0
733,戸塚,中井商友会,1,1,もぐろーる,洋食・レストラン,080-5491-5000,東京都新宿区上落合2-18-10,,0
734,戸塚,中井商友会,1,1,中村湯のし店,その他サービス業,03-3367-2575,東京都新宿区上落合2-17-10,https://yunoshi.cloudfree.jp,0
735,戸塚,中井商友会,1,1,串揚げ　あげあげ　中井店,居酒屋・ダイニングバー,03-6908-6556,東京都新宿区上落合2-19-7 シャルムタナカ1階,,0
736,戸塚,中井商友会,1,1,居酒屋小島,居酒屋・ダイニングバー,03-3368-6082,東京都新宿区上落合2-20-2,,0
737,戸塚,中井商友会,1,1,菜来軒,中華料理・韓国料理,03-3371-4041,東京都新宿区上落合2-19-7,,0
738,戸塚,中井商友会,1,1,遠山建装,その他の業種,090-4593-5511,東京都新宿区上落合3-14-5,,0
739,戸塚,中井商工会,1,1,Ａｒａｉ,眼鏡・コンタクトレンズ販売,03-3951-7722,東京都新宿区中落合1-18-5 Araiビル1階,https://www.navida.ne.jp,0
740,戸塚,中井商工会,1,1,BBミュージックアカデミー,その他サービス業,03-6908-8858,東京都新宿区中井1-3-4,https://bbmusic.jp/,0
741,戸塚,中井商工会,1,1,ＲＩＶＥＲ　ＳＴＯＮＥ　ＮＥＸＴ,バー・スナック・パブ,03-3953-2323,東京都新宿区中落合1-17-1,,0
742,戸塚,中井商工会,1,1,ｗａｓｉａｎｂａｒ　ＭＩＫＡＰＩ,カレー・エスニック料理,03-6908-0615,東京都新宿区中落合1-13-3 ダイヤモンドレジデンス中井103,,0
743,戸塚,中井商工会,1,1,コーヒーショップ館,喫茶店・カフェ,03-3954-5888,東京都新宿区中落合1-17-1 吾妻ビル2階,,0
744,戸塚,中井商工会,1,1,コーヒーノトモダチ　いわむら珈琲店,喫茶店・カフェ,03-6908-1778,東京都新宿区中井1-1-12,,0
745,戸塚,中井商工会,1,0,コープみらいミニコープ落合店,スーパーマーケット,03-3953-3991,東京都新宿区中井2-24-13,,0
746,戸塚,中井商工会,1,1,こころ整骨院,整体・ボディケア,03-5937-0062,東京都新宿区中落合1-20-15,https://nakai.takadanobaba-seitai.com/,0
747,戸塚,中井商工会,1,1,ソウル南山,中華料理・韓国料理,03-3362-5222,東京都新宿区中井1-3-7,,0
748,戸塚,中井商工会,1,1,ツツイデンキ,その他小売店,03-3954-0661,東京都新宿区中落合1-14-3,,0
749,戸塚,中井商工会,1,0,マルエツプチ下落合駅前店,スーパーマーケット,03-3565-0080,東京都新宿区中落合1-1-25,,0
750,戸塚,中井商工会,1,0,マルエツプチ中落合一丁目店,スーパーマーケット,03-5988-0585,東京都新宿区中落合1-6-13,,0
751,戸塚,中井商工会,1,1,みかつき,居酒屋・ダイニングバー,,東京都新宿区中落合1-13-3 ダイヤモンドレジデンス中井105,https://www.instagram.com/mikatsuki719?igsh=MXE5djlpMTExZ2J2NA==,0
752,戸塚,中井商工会,1,1,ミナクチ,時計販売,03-3951-9387,東京都新宿区中落合1-17-4,,0
753,戸塚,中井商工会,1,1,モダン紅型おかめ工房,カルチャー教室,090-8043-2758,東京都新宿区中落合1-17-12 清水ビル1階,https://okamekobo.jp,0
754,戸塚,中井商工会,1,1,もつ焼くろ,居酒屋・ダイニングバー,03-6908-2207,東京都新宿区中落合1-17-3 ヤスダビル1f,,0
755,戸塚,中井商工会,1,1,ゆり美容室,理容業・美容業,03-3952-4397,東京都新宿区中落合1-13-6,,0
756,戸塚,中井商工会,1,1,中国家庭料理貴楽,中華料理・韓国料理,03-3952-5226,東京都新宿区中落合1-17-1 第2滝沢ビル,,0
757,戸塚,中井商工会,1,1,中華料理家宴,中華料理・韓国料理,090-4516-9379,東京都新宿区中落合1-17-1 平野ビル,,0
758,戸塚,中井商工会,1,1,合同会社　石川家,居酒屋・ダイニングバー,03-3952-7611,東京都新宿区中落合1-17-3-2F,,0
759,戸塚,中井商工会,1,1,四季の和菓子おゝき屋,食料品販売,03-3951-1776,東京都新宿区中落合1-17-5,https://www.okiya.jp,0
760,戸塚,中井商工会,1,1,宇田川文正堂,文具店,03-3951-2133,東京都新宿区中落合1-14-1,,0
761,戸塚,中井商工会,1,1,居酒屋けんちゃん,居酒屋・ダイニングバー,03-6908-7393,東京都新宿区上落合3丁目30−10,https://www.instagram.com/izakaya_kenchan?igsh=aHRpYXMyZTNqNTcw&utm_source=qr,0
762,戸塚,中井商工会,1,1,居酒屋田,居酒屋・ダイニングバー,070-6489-0547,東京都新宿区中落合1-17-1 滝沢ビル1階,,0
763,戸塚,中井商工会,1,1,権八,居酒屋・ダイニングバー,03-3952-2898,東京都新宿区中落合1-13-2,,0
764,戸塚,中井商工会,1,1,白雪鮨,食料品販売,03-3951-5680,東京都新宿区中落合1-13-4-101,https://www.hotpepper.jp/strJ004067060/,0
765,戸塚,中井商工会,1,1,紀州梅干　味覚庵,食料品販売,03-3950-2340,東京都新宿区中井1-1-10,https://mikakuan.com,0
766,戸塚,中井商工会,1,1,美容室　プラバー,理容業・美容業,03-3950-7055,東京都新宿区中落合1-17-13,,0
767,戸塚,中井商工会,1,1,美鈴ガーデン有限会社,生花・植木販売,03-3368-7201,東京都新宿区中井1-13-2,,0
768,戸塚,中井商工会,1,1,薬王堂薬局,ドラッグストア,03-3565-2560,東京都新宿区中落合1-17-9,,0
769,戸塚,中井商工会,1,1,鉄板居酒屋　春海,居酒屋・ダイニングバー,03-6908-9943,東京都新宿区中井1-3-8 松栄第一,https://teppan-harumi.com/,0
770,戸塚,中井商工会,1,1,錦山,居酒屋・ダイニングバー,03-3362-1875,東京都新宿区中井1-3-6,,0
771,戸塚,中井商工会,1,1,長寿庵,そば・うどん,03-3953-3525,東京都新宿区中落合一丁目13,,0
772,戸塚,目白銀座商店会,1,1,fun!,理容業・美容業,03-3565-2333,東京都新宿区下落合2-14-25-102,https://fun-comb.com/,0
773,戸塚,目白銀座商店会,1,1,Ｐａｎｉｅｒ　ｄｅ　ｌｅｇｕｍｅｓ,フレンチ・イタリアン,03-5906-5586,東京都新宿区下落合3-17-30,,0
774,戸塚,目白銀座商店会,1,1,TeaMarketGclef 目白店,食料品販売,03-6908-3993,東京都新宿区下落合3-15-18 SYビル103,https://www.gclef.co.jp/shops/4,0
775,戸塚,目白銀座商店会,1,1,tip top目白店,理容業・美容業,03-5982-5170,東京都新宿区下落合3-15-20 目白大和田マンション2F,,0
776,戸塚,目白銀座商店会,1,1,white,理容業・美容業,03-3951-0727,東京都新宿区下落合3-19-1 ホワイトビル,,0
777,戸塚,目白銀座商店会,1,0,ピーコックストア目白店,スーパーマーケット,03-3954-0185,東京都新宿区下落合3-14-21,https://aeonmarket.co.jp/peacock_shop_detail.php?name=mejiro,0
778,戸塚,目白銀座商店会,1,1,ペンギンPal目白店,パン・サンドイッチ販売,03-6908-3250,東京都新宿区下落合3-17-35 コレタス目白1F,,0
779,戸塚,目白銀座商店会,1,1,今福目白接骨院,整体・ボディケア,03-3952-2090,東京都新宿区下落合3-19-1 青木ビル1階,https://imafuku-mejiro.com/,0
780,戸塚,目白銀座商店会,1,1,寿司たつ,寿司,03-5996-8410,東京都新宿区下落合3-18-3 高田保雄ビル,,0
781,戸塚,目白銀座商店会,1,1,秋田料理五城目,居酒屋・ダイニングバー,03-3951-1278,東京都新宿区下落合3-15-25,https://akitagojome.com,0
782,戸塚,目白銀座商店会,1,1,美乃家 ( 珍味・佃煮・おつまみ),食料品販売,03-3951-3639,東京都新宿区下落合3-17-29,https://shinjuku-loupe.info/p/member/1409,0
783,戸塚,目白銀座商店会,1,1,関東製畳有限会社　小沼畳店,その他の業種,03-3951-2947,東京都新宿区下落合3-18-3,http://www.kantouseijyou.com,0
784,早稲田,余丁町商店会,1,1,Ｂｉｃｙｃｌｅ　Ｓｈｏｐ　ミヤザキ,その他の業種,03-3351-6649,東京都新宿区余丁町8-2,,0
785,早稲田,余丁町商店会,1,1,フローリストセブン,生花・植木販売,03-3353-2455,東京都新宿区余丁町13-2 フローリストセブンビル1階,http://hanaya-seven.jimdo.com,0
786,早稲田,余丁町商店会,1,1,弁天湯,銭湯・サウナ,03-3357-7370,東京都新宿区余丁町5-1,,0
787,早稲田,余丁町商店会,1,1,新宿秀吉,米穀店,03-6380-4977,東京都新宿区余丁町14-1 稲葉ビル1階,,0
788,早稲田,余丁町商店会,1,1,有限会社升藤酒店,酒店,03-3351-1087,東京都新宿区余丁町6-29,,0
789,早稲田,まねき通り商店会,1,1,かもめ商会,クリーニング店,03-3351-6573,東京都新宿区富久町40-2,,0
790,早稲田,まねき通り商店会,1,1,バーバーブロンド,理容業・美容業,03-3353-0902,東京都新宿区富久町41-7,,0
791,早稲田,まねき通り商店会,1,1,パンの峰屋,パン・サンドイッチ販売,03-4400-5737,東京都新宿区新宿6-19-9,https://tsuku2.jp/mineya,0
792,早稲田,まねき通り商店会,1,1,むつみ　花店,生花・植木販売,03-3225-6269,東京都新宿区新宿6-17-13,,0
793,早稲田,まねき通り商店会,1,1,中井寝具店,衣料品・寝具販売,03-3351-6932,東京都新宿区富久町41-7,,0
794,早稲田,住吉町商工会,1,1,オリーブ曙橋,バー・スナック・パブ,03-5269-7088,東京都新宿区住吉町6-10,,0
795,早稲田,住吉町商工会,1,1,カフェのある暮らしとお菓子のお店,喫茶店・カフェ,03-6380-6614,東京都新宿区住吉町10-13 KRビル1F,,0
796,早稲田,住吉町商工会,1,0,ココカラファイン曙橋店,ドラッグストア,03-5312-0350,東京都新宿区住吉町9-4 プレミアステージ市ヶ谷河田町1階,,0
797,早稲田,住吉町商工会,1,0,どらっぐぱぱす曙橋店,ドラッグストア,03-5399-5802,東京都新宿区住吉町1-16 ISEビル　１階,,0
798,早稲田,住吉町商工会,1,1,なべちゃんラーメン,ラーメン,03-6273-1688,東京都新宿区住吉町5-9 リフレッシュ住吉B B1F,,0
799,早稲田,住吉町商工会,1,1,ビューティーサロンゆかり,理容業・美容業,03-3353-9795,東京都新宿区住吉町7-2,,0
800,早稲田,住吉町商工会,1,1,三徳住吉店,スーパーマーケット,03-3341-3109,東京都新宿区住吉町6-11,https://santoku.co.jp/syop/661,0
801,早稲田,住吉町商工会,1,1,三徳河田店,スーパーマーケット,03-3352-3109,東京都新宿区河田町3-31,https://santoku.co.jp/syop/2060,0
802,早稲田,住吉町商工会,1,1,三輪接骨院,鍼灸・あん摩マッサージ,03-3358-0752,東京都新宿区住吉町5-7-401,https://miwasekkotsuin.com,0
803,早稲田,住吉町商工会,1,1,中華まるしん,中華料理・韓国料理,03-6826-9470,東京都新宿区市ヶ谷台町8-2 ルシェールハル103,,0
804,早稲田,住吉町商工会,1,1,乾坤一滴,居酒屋・ダイニングバー,03-5990-2977,東京都新宿区住吉町9-1 アイランドコート曙橋1階,https://kenkonitteki-akebonobashi.com/,0
805,早稲田,住吉町商工会,1,1,喰場の心,居酒屋・ダイニングバー,03-6274-8866,東京都新宿区住吉町6-10 小松ビルB1,,0
806,早稲田,住吉町商工会,1,1,大角玉屋　本店,食料品販売,03-3351-7735,東京都新宿区住吉町8-25,https://www.oosumi-tamaya.co.jp/,0
807,早稲田,住吉町商工会,1,1,旬料理　輝,和食・大衆食堂,080-4415-3065,東京都新宿区住吉町8-10 ライオンズマンション市ヶ谷104,https://tabelog.com/tokyo/A1309/A130903/13260625/,0
808,早稲田,住吉町商工会,1,1,株式会社鍋倉服装,衣料品・寝具販売,03-3351-3847,東京都新宿区住吉町5-7,,0
809,早稲田,住吉町商工会,1,1,酒蔵和心,居酒屋・ダイニングバー,03-5269-8393,東京都新宿区住吉町8-22,,0
810,早稲田,住吉町商工会,1,1,鍼灸 Conditioning Room Bridge,鍼灸・あん摩マッサージ,080-7170-4580,東京都新宿区河田町4-10 大柿ビル1階,https://bridge-conditioning.com,0
811,早稲田,薬王寺商交会,1,1,カットスタジオ141,理容業・美容業,03-5228-0345,東京都新宿区市谷薬王寺4-5 春日マンション1F,,0
812,早稲田,薬王寺商交会,1,1,とこやぐれーす,理容業・美容業,03-3260-3075,東京都新宿区市谷薬王寺町5-5,,0
813,早稲田,薬王寺商交会,1,0,ライフコーポレーション　市谷薬王寺店,スーパーマーケット,03-3268-6700,東京都新宿区市谷薬王寺町3-3,,0
814,早稲田,薬王寺商交会,1,1,鮨かおる,寿司,03-6280-7411,東京都新宿区市谷薬王寺町4-16 松井ビル1階,,0
815,早稲田,若原共栄会,1,1,ＣＨＩＮＥＳＥ　ＤＩＮＩＮＧ　揚子江,中華料理・韓国料理,03-3207-0508,東京都新宿区戸山1-2-4,https://yousuko.co.jp,0
816,早稲田,若原共栄会,1,1,COLLINA PICCOLA,フレンチ・イタリアン,03-5285-8662,東京都新宿区原町3-37 サンワードビル1F,,0
817,早稲田,若原共栄会,1,1,shinjuku HAL,その他サービス業,090-3545-9568,東京都新宿区原町3-37 アイランドビル302,https://nailbook.jp/nail-salon/19012/,0
818,早稲田,若原共栄会,1,1,アロマ整体　陽だまり,整体・ボディケア,080-4477-2135,東京都新宿区原町2-13-5 プラティーク新宿原町401号,https://urds330.com/,0
819,早稲田,若原共栄会,1,1,お花や,生花・植木販売,050-1457-8287,東京都新宿区原町3-57 清亜マンション1F,,0
820,早稲田,若原共栄会,1,1,ケトハレ,フレンチ・イタリアン,03-6380-2714,東京都新宿区原町3-37 アイランドビル2F,,0
821,早稲田,若原共栄会,1,0,スギ薬局　新宿若松町店,ドラッグストア,03-6278-9812,東京都新宿区若松町28-22  TMビル1F,https://www.sugi-net.jp/,0
822,早稲田,若原共栄会,1,0,ライフ若松河田駅前店,スーパーマーケット,03-3204-1261,東京都新宿区若松町28-5,https://store.lifecorp.jp/detail/east897/,0
823,早稲田,若原共栄会,1,1,三徳夏目坂店,スーパーマーケット,03-3204-3109,東京都新宿区原町3-61,https://santoku.co.jp/syop/4839,0
824,早稲田,若原共栄会,1,1,方来亭,中華料理・韓国料理,03-5273-2290,東京都新宿区若松町32-4,,0
825,早稲田,若原共栄会,1,1,松葉屋,化粧品販売,03-3341-2294,東京都新宿区原町3-4,,0
826,早稲田,若原共栄会,1,1,美容室　ローズ,理容業・美容業,03-3358-8160,東京都新宿区原町3-1,,0
827,早稲田,若原共栄会,1,1,英,バー・スナック・パブ,03-4400-5216,東京都新宿区原町2-6-6 ルームズ新宿原町1階,,0
828,早稲田,早大通り商栄会,1,1,DogSalonZero,その他サービス業,03-6205-5220,東京都新宿区早稲田鶴巻町556 山口ビル1階,,0
829,早稲田,早大通り商栄会,1,1,イル　デ　パン,フレンチ・イタリアン,03-3203-8191,東京都新宿区早稲田鶴巻町556 秀幸ビル1F,https://www.iledespain.com,0
830,早稲田,早大通り商栄会,1,1,カクヤス江戸川橋店,酒店,03-5229-6765,東京都新宿区早稲田鶴巻町544 中川ビル,https://www.kakuyasu.co.jp/store/app/shop/779-edogawabashi/,0
831,早稲田,早大通り商栄会,1,1,カフェゼロサン,喫茶店・カフェ,03-6666-8227,東京都新宿区早稲田鶴巻町556 ＳＫビル１階,https://cafe-03.net,0
832,早稲田,早大通り商栄会,1,1,キタムラ動物病院,その他サービス業,03-3203-1190,東京都新宿区早稲田鶴巻町556 マンション暁1F,https://kitamura-ah.jp,0
833,早稲田,早大通り商栄会,1,1,キャトル　フォンテーヌ,フレンチ・イタリアン,03-3232-8555,東京都新宿区早稲田鶴巻町519 井筒屋ビル１階,http://www.quatrefontaines.com,0
834,早稲田,早大通り商栄会,1,1,ごはん屋たまり,和食・大衆食堂,03-3200-0633,東京都新宿区早稲田鶴巻町519-26 早稲田KMビル,https://gohanya-tamari.com,0
835,早稲田,早大通り商栄会,1,1,スクールプラザフジヤ,その他小売店,03-3200-8877,東京都新宿区早稲田鶴巻町555,https://school-fujiya.jp,0
836,早稲田,早大通り商栄会,1,1,セブンイレブン早稲田店,コンビニエンスストア,03-3203-3523,東京都新宿区早稲田鶴巻町521 ロイヤルガーデン1階,,0
837,早稲田,早大通り商栄会,1,1,バーバー　ウテナ,理容業・美容業,03-3202-4537,東京都新宿区早稲田鶴巻町109 山崎ビル1階,,0
838,早稲田,早大通り商栄会,1,1,メガネ21早稲田店,眼鏡・コンタクトレンズ販売,03-6205-9484,東京都新宿区早稲田鶴巻町521 グリーンステージ早大通り1F,https://www9.two-one.co.jp/megane/page.nsf/index,0
839,早稲田,早大通り商栄会,1,1,ラポールアンティーク,その他小売店,070-8495-3564,東京都新宿区早稲田鶴巻町111 ワセダ福田マンション,https://noicompany.com/restaurant/rapport/,0
840,早稲田,早大通り商栄会,1,1,創作中華＆香港手作り点心の店　チャイ,中華料理・韓国料理,03-6457-3598,東京都新宿区早稲田鶴巻町521 大坂ビル101,,0
841,早稲田,早大通り商栄会,1,1,和菓子nanarica～七里香～,食料品販売,03-6233-8477,東京都新宿区早稲田鶴巻町111 ワセダ福田マンション1F,https://nanarica.shopinfo.jp/,0
842,早稲田,早大通り商栄会,1,1,大黒屋菓子店,その他小売店,03-3203-1654,東京都新宿区早稲田鶴巻町522,,0
843,早稲田,早大通り商栄会,1,1,寝具のかたぎり,その他小売店,03-3209-8744,東京都新宿区早稲田鶴巻町556,,0
844,早稲田,早大通り商栄会,1,1,有限会社野田屋酒店,酒店,03-3203-7256,東京都新宿区早稲田鶴巻町519,http://www.nodaya-sake.co.jp,0
845,早稲田,早大通り商栄会,1,1,木のおもちゃ 積み木の森,ゲーム・おもちゃ・娯楽用品,03-5155-8989,東京都新宿区早稲田鶴巻町547 グランステージ早稲田1階,https://www.tumiki-mori.com/,0
846,早稲田,早大通り商栄会,1,1,東寿司,寿司,03-3203-9393,東京都新宿区早稲田鶴巻町111,,1
847,早稲田,早大通り商栄会,1,1,株式会社マルミヤ,文具店,03-3202-8500,東京都新宿区早稲田鶴巻町555 マルミヤビル,,0
848,早稲田,早大通り商栄会,1,1,砂場,そば・うどん,03-3268-6981,東京都新宿区早稲田鶴巻町543,,0
849,早稲田,早大通り商栄会,1,1,近藤葬祭,その他サービス業,03-3203-3275,東京都新宿区早稲田鶴巻町302,,0
850,早稲田,早大通り商栄会,1,1,鮨処山水,寿司,03-3204-7252,東京都新宿区早稲田鶴巻522 森田ビル102,,0
851,早稲田,早大通り商栄会,1,1,鮨笹屋,寿司,03-3203-0338,東京都新宿区早稲田鶴巻町560 笹屋ビル1F,https://sushi-sasaya.com/,0
852,早稲田,柳町親和会,1,1,ido bistro,フレンチ・イタリアン,03-5946-8918,東京都新宿区市谷柳町２０,,0
853,早稲田,柳町親和会,1,1,Rosicler,洋食・レストラン,03-6457-5996,東京都新宿区市谷柳町25-11 F&SSビル101,,0
854,早稲田,柳町親和会,1,0,くすりの福太郎市谷柳町店,ドラッグストア,03-5367-9031,東京都新宿区市谷柳町37 マージュ市谷柳町1F,,0
855,早稲田,柳町親和会,1,1,セーヌ　よしや　柳町店,スーパーマーケット,03-3355-2891,東京都新宿区原町1-16-8,http://www.yoshiya.co.jp,0
856,早稲田,柳町親和会,1,1,セブンイレブン市谷柳町店,コンビニエンスストア,03-3268-4470,東京都新宿区市谷柳町1-1,,0
857,早稲田,柳町親和会,1,1,レストラン　眞,洋食・レストラン,03-3268-2456,東京都新宿区市谷柳町23 高原ビル1階,,0
858,早稲田,柳町親和会,1,1,柳湯　銭湯（公衆浴場）,銭湯・サウナ,03-6265-0260,東京都新宿区市谷柳町25-3 柳町マンション1階,https://www.1010.or.jp/map/item/item-cnt-324,0
859,早稲田,早稲田駅前商店会,1,1,きよせや,寿司,03-3204-2480,東京都新宿区馬場下町9 グローブビル早稲田102,,0
860,早稲田,早稲田駅前商店会,1,0,ツルハドラッグ早稲田店,ドラッグストア,03-3209-2451,東京都新宿区早稲田町67-4 リヴィラージュ早稲田,,0
861,早稲田,早稲田駅前商店会,1,1,ナインティー早稲田,喫茶店・カフェ,03-6205-5551,東京都新宿区馬場下町62 ninetea早稲田,,0
862,早稲田,早稲田駅前商店会,1,1,ファミリーマート早稲田駅前店,コンビニエンスストア,03-5155-0921,東京都新宿区馬場下町5-1 早稲田駅前ビル1F,,0
863,早稲田,早稲田駅前商店会,1,1,ボンボン食堂,中華料理・韓国料理,03-6380-3181,東京都新宿区馬場下町61-15 DEAR LIFE 1F,,0
864,早稲田,早稲田駅前商店会,1,0,マルエツプチ早稲田駅前店,スーパーマーケット,03-3208-0722,東京都新宿区馬場下町11-1,,0
865,早稲田,早稲田駅前商店会,1,0,ヨークフーズ早稲田店,スーパーマーケット,03-3209-2711,東京都新宿区早稲田町74,https://www.york-inc.com/,0
866,早稲田,早稲田駅前商店会,1,1,リカーショップ小倉屋,酒店,03-3203-6660,東京都新宿区馬場下町3,,0
867,早稲田,早稲田駅前商店会,1,1,三徳早稲田店,スーパーマーケット,03-3209-3109,東京都新宿区馬場下町60,https://santoku.co.jp/syop/881,0
868,早稲田,早稲田駅前商店会,1,1,和菓子nanarica～七里香～　早稲田駅前店,食料品販売,,東京都新宿区馬場下町62,https://nanarica.shopinfo.jp/,0
869,早稲田,早稲田駅前商店会,1,1,早稲田自然食品センター,スーパーマーケット,03-3202-9611,東京都新宿区喜久井町51,https://www.waseda-natural.com/,0
870,早稲田,早稲田駅前商店会,1,1,東京らっきょブラザーズ,カレー・エスニック料理,03-5941-8455,東京都新宿区馬場下町61-9 山口ビル1F,,0
871,早稲田,早稲田駅前商店会,1,1,焼肉「ホドリ」,焼肉・鉄板焼,03-3203-8084,東京都新宿区馬場下町61,,0
872,早稲田,早稲田駅前商店会,1,1,隆勝つけめん,ラーメン,03-6685-3980,東京都新宿区馬場下町63-3 細川ハイツ1F,,0
873,早稲田,やまぶき商店会,1,1,鶏笑　山吹神楽坂店,その他飲食店,03-6280-8624,東京都新宿区山吹町332-16,,0
874,神楽坂,牛込中央通り商店会,1,1,BERETTA,洋食・レストラン,03-5579-2729,東京都新宿区納戸町12 第３長森ビル1F,,0
875,神楽坂,牛込中央通り商店会,1,1,Homeys Hotdog stand,その他飲食店,03-6265-3851,東京都新宿区細工町3-18 山岸ビル1F,,0
876,神楽坂,牛込中央通り商店会,1,1,RICHE. / 美容整体 骨盤革命,エステ・リラクゼーション,080-5680-1356,東京都新宿区南山伏町3-6 市ヶ谷NHビル3F,https://beauty.hotpepper.jp/kr/slnH000629293/,0
877,神楽坂,牛込中央通り商店会,1,1,TacoFeliz (タコフェリス),その他飲食店,090-9520-9570,東京都新宿区箪笥町27-8 マガザン神楽坂1F,https://tacofeliz.jp,0
878,神楽坂,牛込中央通り商店会,1,1,インド・タイ料理レストラン　サイノ　神楽坂店,カレー・エスニック料理,03-5261-4703,東京都新宿区細工町3-16 アシスト市ヶ谷ビル1F,,0
879,神楽坂,牛込中央通り商店会,1,0,ウエルシア新宿牛込店,ドラッグストア,03-5229-6770,東京都新宿区北山伏町1-2 ダイワロイヤル新宿区北山伏町ビル1階,https://store.welcia.co.jp/welcia/spot/detail?code=5124D&category=01.02.06.18.20,0
880,神楽坂,牛込中央通り商店会,1,0,くすりの福太郎　市ヶ谷店,ドラッグストア,03-5227-8129,東京都新宿区市谷八幡町8 TKP市ヶ谷ビル　1階,,0
881,神楽坂,牛込中央通り商店会,1,0,くすりの福太郎　市谷田町店,ドラッグストア,03-5206-3329,東京都新宿区市谷田町2-2-5 ニッセイ市ヶ谷田町ビル1階,,0
882,神楽坂,牛込中央通り商店会,1,1,サイクルスポット市ヶ谷店,その他小売店,03-5206-5867,東京都新宿区市谷田町3-1-4,https://www.cyclespot.net/,0
883,神楽坂,牛込中央通り商店会,1,1,セブンイレブン牛込北町店,コンビニエンスストア,03-3267-3488,東京都新宿区箪笥町28,,0
884,神楽坂,牛込中央通り商店会,1,1,ターボラカルダ Tavola Calda Carmine,フレンチ・イタリアン,03-3235-4477,東京都新宿区納戸町33 市ヶ谷SIビル　1階,https://tavolacalda.owst.jp/,0
885,神楽坂,牛込中央通り商店会,1,1,ブロンド美容室,理容業・美容業,03-3260-3803,東京都新宿区細工町3-16 北町ビル1F,https://kimonotokyojp.jimdofree.com/,0
886,神楽坂,牛込中央通り商店会,1,1,ボルカン,喫茶店・カフェ,090-6132-1517,東京都新宿区細工町1-2,http://volcan.jp,0
887,神楽坂,牛込中央通り商店会,1,1,モナコ洋菓子店,喫茶店・カフェ,03-3260-0324,東京都新宿区納戸町３,,0
888,神楽坂,牛込中央通り商店会,1,1,リストランテ　カルミネ,フレンチ・イタリアン,03-3260-5066,東京都新宿区細工町1-19 西川ビル１F,http://www.carmine.jp/,0
889,神楽坂,牛込中央通り商店会,1,1,三徳牛込神楽坂店,スーパーマーケット,03-5261-3109,東京都新宿区細工町1-16,https://santoku.co.jp/syop/2949,0
890,神楽坂,牛込中央通り商店会,1,0,俺のフレンチ,洋食・レストラン,03-6265-3907,東京都新宿区納戸町12 第5長森ビル1F,,0
891,神楽坂,牛込中央通り商店会,1,1,岡埜栄泉,その他小売店,03-3260-5878,東京都新宿区納戸町4,,0
892,神楽坂,牛込中央通り商店会,1,1,牛込神楽坂デンタルオフィス,その他サービス業,03-6280-8244,東京都新宿区中町21 レジデンス明石１F,https://www.daimon-implant.com,0
893,神楽坂,牛込中央通り商店会,1,1,船橋家,食料品販売,03-3260-1669,東京都新宿区納戸町15,,0
894,神楽坂,牛込中央通り商店会,1,1,龍太,ラーメン,070-2185-3518,東京都新宿区納戸町12 第三長森ビル,,0
895,神楽坂,神楽坂商店街振興組合,1,1,（有）万弥,食料品販売,03-3260-3020,東京都新宿区神楽坂6-18,,0
896,神楽坂,神楽坂商店街振興組合,1,1,BEER OLYN,酒店,070-8524-8818,東京都新宿区矢来町64-4 DEAR神楽坂3F,https://www.instagram.com/beerolyn/,0
897,神楽坂,神楽坂商店街振興組合,1,1,Donish神楽坂通り,喫茶店・カフェ,080-5005-7516,東京都新宿区神楽坂6-8-27 シゾン神楽坂1A,https://donishcoffee.com/,0
898,神楽坂,神楽坂商店街振興組合,1,1,Earth More Juicebar,喫茶店・カフェ,,東京都新宿区神楽坂6-17-1 バーベナビル,,0
899,神楽坂,神楽坂商店街振興組合,1,1,Ｋｅ’Ｉｎｔｅｒｎａｔｉｏｎａｌ,理容業・美容業,03-5579-2474,東京都新宿区神楽坂6-66 三上ビル2F,https://www.ke-salon.com/,0
900,神楽坂,神楽坂商店街振興組合,1,1,ＭＡＩＳＯＮ　Ｔ,食料品販売,03-5579-8354,東京都新宿区神楽坂6-28 MTビルⅡ102,https://torishin-efs.com/maison-t/,0
901,神楽坂,神楽坂商店街振興組合,1,1,soina,エステ・リラクゼーション,03-3269-0117,東京都新宿区神楽坂6-24-5 富永ビル302,,0
902,神楽坂,神楽坂商店街振興組合,1,1,Ｔａｎａｋａ＇ｓ　Ｒｏｔｉ,洋食・レストラン,03-5227-1510,東京都新宿区神楽坂6-19,,0
903,神楽坂,神楽坂商店街振興組合,1,1,Vicino a Lei 神楽坂店,婦人服販売,03-5227-7818,東京都新宿区神楽坂6-58,,0
904,神楽坂,神楽坂商店街振興組合,1,1,うまもんや,その他飲食店,03-6280-7373,東京都新宿区赤城元町1-32 カド　2F,,0
905,神楽坂,神楽坂商店街振興組合,1,1,おばんざい　茶々,和食・大衆食堂,03-5229-5175,東京都新宿区赤城下町80-2,,0
906,神楽坂,神楽坂商店街振興組合,1,1,からり,和食・大衆食堂,03-5579-2803,東京都新宿区矢来町112-6 神楽坂RMビル1階,,0
907,神楽坂,神楽坂商店街振興組合,1,0,ココカラファイン神楽坂上店,ドラッグストア,03-5227-7077,東京都新宿区神楽坂5-24 タイヨウビル,,0
908,神楽坂,神楽坂商店街振興組合,1,1,コパン,喫茶店・カフェ,03-3267-7779,東京都新宿区神楽坂6-50,,0
909,神楽坂,神楽坂商店街振興組合,1,1,ジェラテリア　テオブロマ　神楽坂店,その他小売店,03-5206-5195,東京都新宿区神楽坂6-8 Borgo Oojime,https://www.theobroma.co.jp,0
910,神楽坂,神楽坂商店街振興組合,1,1,シャンドゥブレ神楽坂店,婦人服販売,03-5579-3883,東京都新宿区矢来町110 佐伯ビル1階,,0
911,神楽坂,神楽坂商店街振興組合,1,1,セーヌ　よしや　神楽坂店,スーパーマーケット,03-3268-3266,東京都新宿区神楽坂6-11-1,http://www.yoshiya.co.jp,0
912,神楽坂,神楽坂商店街振興組合,1,1,ニットコレクション　マリーノ,婦人服販売,03-3268-8324,東京都新宿区神楽坂6-50 勝村ビル,,0
913,神楽坂,神楽坂商店街振興組合,1,1,ハピマルフルーツ神楽坂本店,その他小売店,03-5261-2080,東京都新宿区神楽坂6-64 雅庵　神楽坂1階,https://www.hapimarufruits.jp,0
914,神楽坂,神楽坂商店街振興組合,1,1,はり・きゅうＨＡＲＩＢＩＯ,鍼灸・あん摩マッサージ,,東京都新宿区神楽坂6-22 小松ビル501,https://haribio.jp/,0
915,神楽坂,神楽坂商店街振興組合,1,1,はり・温灸 はりいんT,鍼灸・あん摩マッサージ,03-3269-1825,東京都新宿区神楽坂6-73 はりいんT,https://hariin-t.com/,0
916,神楽坂,神楽坂商店街振興組合,1,1,バルバリ　神楽坂店,婦人服販売,03-5579-8030,東京都新宿区神楽坂5-21 長谷川ビル1F,http://www.zahst.co.jp,0
917,神楽坂,神楽坂商店街振興組合,1,1,バルバリHANARE　神楽坂店,婦人服販売,03-6280-7277,東京都新宿区神楽坂6-69 うらしまビル1F,https://zahst.co.jp/,0
918,神楽坂,神楽坂商店街振興組合,1,1,ビアバービター,洋食・レストラン,03-5261-3087,東京都新宿区神楽坂6-58 RITZ2階,,0
919,神楽坂,神楽坂商店街振興組合,1,1,ブォングスタイオ神楽坂店,食料品販売,080-7054-5174,東京都新宿区神楽坂6-8 シゾン神楽坂101,https://www.buongustaio.jp/,0
920,神楽坂,神楽坂商店街振興組合,1,1,プティトモ,その他小売店,03-5579-2450,東京都新宿区神楽坂6-22 田南ビル神楽坂1F,https://www.instagram.com/petit.tomo,0
921,神楽坂,神楽坂商店街振興組合,1,1,ホルモン焼肉　ま,焼肉・鉄板焼,070-1245-0415,東京都新宿区神楽坂6-8-18,https://horumonyakinikuma.owst.jp/,0
922,神楽坂,神楽坂商店街振興組合,1,1,ポワンエリーニュ神楽坂店,パン・サンドイッチ販売,03-5228-5858,東京都新宿区神楽坂6-45-2,http://www.point-et-ligne.com,0
923,神楽坂,神楽坂商店街振興組合,1,0,マルエツ　江戸川橋店,スーパーマーケット,03-3266-5803,東京都新宿区水道町4-13,,0
924,神楽坂,神楽坂商店街振興組合,1,1,まるフェ,その他飲食店,03-6206-4089,東京都新宿区神楽坂6-73 メイゾン勝美,https://g.co/kgs/o7NqbTq,0
925,神楽坂,神楽坂商店街振興組合,1,1,メガネのイワサキ,眼鏡・コンタクトレンズ販売,03-3235-7430,東京都新宿区神楽坂6-15,https://iwasaki-megane.co.jp/,0
926,神楽坂,神楽坂商店街振興組合,1,1,リトルマーメイド神楽坂店,パン・サンドイッチ販売,03-3267-0364,東京都新宿区神楽坂6-24 富永ビル1階,,0
927,神楽坂,神楽坂商店街振興組合,1,1,ル・パヴェ神楽坂店,洋食・レストラン,03-6280-8836,東京都新宿区神楽坂6-8 浦沢ビル1F,https://lepavekagurazaka.owst.jp/,0
928,神楽坂,神楽坂商店街振興組合,1,1,ル・ミリオン,理容業・美容業,03-3269-7046,東京都新宿区神楽坂6-8 大内ビル,http://lemillionkagurazaka.blog.fc2.com/?sp,0
929,神楽坂,神楽坂商店街振興組合,1,1,ワインショップ奥神楽坂商店,居酒屋・ダイニングバー,080-7383-1958,東京都新宿区神楽坂6-22 奥神楽坂ビル1F,,0
930,神楽坂,神楽坂商店街振興組合,1,1,中国料理 宝龍,中華料理・韓国料理,03-3260-8733,東京都新宿区神楽坂6-24 ヴィクトワール神楽坂,,0
931,神楽坂,神楽坂商店街振興組合,1,1,今彩,フレンチ・イタリアン,03-5261-2841,東京都新宿区神楽坂6-26,https://wortonstudio.com/,0
932,神楽坂,神楽坂商店街振興組合,1,1,大野屋牛肉店,その他小売店,03-3260-2947,東京都新宿区神楽坂6-8,,0
933,神楽坂,神楽坂商店街振興組合,1,1,文悠,書店,03-3268-5858,東京都新宿区神楽坂6-8,https://bun-you.com,0
934,神楽坂,神楽坂商店街振興組合,1,1,発酵風呂・よもぎ蒸しハッコラ神楽坂本店,エステ・リラクゼーション,03-5946-8380,東京都新宿区神楽坂6-8 サンハイツ神楽坂1階,https://beauty.hotpepper.jp/kr/slnH000505314/,0
935,神楽坂,神楽坂商店街振興組合,1,1,神楽坂　ぼっちりや,その他飲食店,03-5579-8166,東京都新宿区神楽坂6-8-12 滝澤店舗,https://www.instagram.com/botchiriya_?igsh=MXBtNmJmOTVzZHhwZA%3D%3D&utm_source=qr,0
936,神楽坂,神楽坂商店街振興組合,1,1,神楽坂ハナミズキ,生花・植木販売,03-5926-4187,東京都新宿区神楽坂6-8,http://www.hana-c.jp/,0
937,神楽坂,神楽坂商店街振興組合,1,1,神楽坂プリュス,日用雑貨販売,03-3269-0052,東京都新宿区神楽坂6-58,https://www.kagurazakaplus.jp/phone/,0
938,神楽坂,神楽坂商店街振興組合,1,1,神楽坂ワインハウス　バイザグラス,居酒屋・ダイニングバー,03-6339-1630,東京都新宿区赤城下町11-1,https://www.bytheglass.jp/,0
939,神楽坂,神楽坂商店街振興組合,1,1,神楽坂梅花亭本店,食料品販売,03-5228-0727,東京都新宿区神楽坂6-15 神楽坂梅花亭ビル,http://www.baikatei.co.jp,0
940,神楽坂,神楽坂商店街振興組合,1,1,神楽坂穂の花,日用雑貨販売,03-6265-0344,東京都新宿区神楽坂6-58-3,,0
941,神楽坂,神楽坂商店街振興組合,1,1,神楽坂野菜計画,食料品販売,03-5579-2095,東京都新宿区神楽坂6-50 フカガワビル1階,,0
942,神楽坂,神楽坂商店街振興組合,1,1,神楽坂鼓月,食料品販売,03-3235-5033,東京都新宿区神楽坂6-8,,0
943,神楽坂,神楽坂商店街振興組合,1,1,篠原電気,家電販売,03-3260-4998,東京都新宿区神楽坂6-6 篠原ビル1F,,0
944,神楽坂,神楽坂商店街振興組合,1,1,米粉　ＩＭｐｏｓｓｉｂｌｅ,パン・サンドイッチ販売,080-7508-5075,東京都新宿区神楽坂6-68-4,https://gf-impossible.shop/,0
945,神楽坂,神楽坂通り商店会,1,1,（有）翁庵そば店,そば・うどん,03-3260-2715,東京都新宿区神楽坂1-10,,0
946,神楽坂,神楽坂通り商店会,1,1,AGARIS神楽坂,洋食・レストラン,03-5229-0141,東京都新宿区神楽坂4-3 楽山ビルB1F,https://agaris.owst.jp,0
947,神楽坂,神楽坂通り商店会,1,1,FuFu　麻辣湯　神楽坂店,中華料理・韓国料理,03-5579-8988,東京都新宿区神楽坂2-6-1 ポルタ神楽坂2F,https://bacana-ginza.com/shop/,0
948,神楽坂,神楽坂通り商店会,1,1,nefer by cecio,婦人服販売,03-5225-4545,東京都新宿区神楽坂2-6 ポルタ神楽坂101,http://www.cecio.co.jp,0
949,神楽坂,神楽坂通り商店会,1,1,ＯＳＴＥＲＩＡ　ＰＯＲＣＯ　ＶＩＮＯ,フレンチ・イタリアン,03-5579-8536,東京都新宿区神楽坂4-2 山本ビル2階,https://mikasa-bar.com/wp/,0
950,神楽坂,神楽坂通り商店会,1,1,Woman’s GYM　お尻と美胸の女性専門塾,エステ・リラクゼーション,090-5525-5215,東京都新宿区神楽坂3-2-16 ベスト神楽坂ビル6F,http://instagram.com/kagurazakayoshie,0
951,神楽坂,神楽坂通り商店会,1,0,くすりの福太郎　神楽坂店,ドラッグストア,03-5225-3529,東京都新宿区神楽坂5-28 シュエット神楽坂1階,,0
952,神楽坂,神楽坂通り商店会,1,1,グローバル治療院神楽坂,鍼灸・あん摩マッサージ,03-5206-8951,東京都新宿区神楽坂3-5 神楽坂センタービル,https://mitsuraku.jp/salon/77282/?media=adwordssearch&internal_referral=lis_bn&gad_source=1&gbraid=0AAAAADk-8V31WJ9E5I-vgyaOx5r3Ffg3L&gclid=CjwKCAjw8IfABhBXEiwAxRHlsAtpjlmNVbDowdsC1_GQ0UkFgEWmmZ8P2L3qjwi6UDH87yHoKmziNhoC2s8QAvD_BwE,0
953,神楽坂,神楽坂通り商店会,1,1,ご馳走や叶え,居酒屋・ダイニングバー,03-6265-0480,東京都新宿区神楽坂3-6-19 青柳LKビル地下一階,,0
954,神楽坂,神楽坂通り商店会,1,0,スシロー神楽坂店,和食・大衆食堂,03-5206-3505,東京都新宿区神楽坂2-10,,0
955,神楽坂,神楽坂通り商店会,1,1,セブンイレブン新宿神楽坂３丁目店,コンビニエンスストア,03-3269-3110,東京都新宿区神楽坂3-2-7,,0
956,神楽坂,神楽坂通り商店会,1,0,ハルメクおみせ神楽坂本店,その他の業種,03-5225-2861,東京都新宿区神楽坂４ー１ー１ オザワビル４階,,0
957,神楽坂,神楽坂通り商店会,1,1,ヒデ美容室,理容業・美容業,03-3260-6605,東京都新宿区神楽坂3-5 神楽坂センタービル2F,https://salon-hide.net,0
958,神楽坂,神楽坂通り商店会,1,1,ファミリーマート神楽坂三丁目店,コンビニエンスストア,03-5206-3073,東京都新宿区神楽坂3-2-20,,0
959,神楽坂,神楽坂通り商店会,1,1,ブティック　タカミ,婦人服販売,03-3260-2058,東京都新宿区神楽坂5-11,,0
960,神楽坂,神楽坂通り商店会,1,1,ふらの和牛　よしうし神楽坂通り,焼肉・鉄板焼,03-6457-5955,東京都新宿区神楽坂5-32 八潮ビル1F,https://furanowagyuyosiusi-kagurazaka.com/,0
961,神楽坂,神楽坂通り商店会,1,0,マツモトキヨシ　神楽坂店,ドラッグストア,03-5227-4072,東京都新宿区神楽坂2-10 神楽坂ヒルズ1階,,0
962,神楽坂,神楽坂通り商店会,1,0,メガネスーパー神楽坂店,眼鏡・コンタクトレンズ販売,03-5225-3663,東京都新宿区神楽坂2-4 田金館,https://shop.meganesuper.co.jp/shops/detail/154/,0
963,神楽坂,神楽坂通り商店会,1,1,ルーシーローゼ神楽坂,婦人服販売,03-3260-7310,東京都新宿区神楽坂3-6-21-1F,,0
964,神楽坂,神楽坂通り商店会,1,1,丸岡陶苑,日用雑貨販売,03-3269-0675,東京都新宿区神楽坂3-6,http://www5b.biglobe.ne.jp/~maru-oka/,0
965,神楽坂,神楽坂通り商店会,1,1,五十鈴,その他小売店,03-3269-0081,東京都新宿区神楽坂5-34,,0
966,神楽坂,神楽坂通り商店会,1,1,助六,その他小売店,03-3260-0015,東京都新宿区神楽坂3-6,https://www.sukeroku.in,0
967,神楽坂,神楽坂通り商店会,1,1,志満金,和食・大衆食堂,03-3269-3151,東京都新宿区神楽坂2-1,,0
968,神楽坂,神楽坂通り商店会,1,1,有限会社田口屋生花店,生花・植木販売,03-3269-1408,東京都新宿区神楽坂1-11,,0
969,神楽坂,神楽坂通り商店会,1,1,毘沙門せんべい　福屋,食料品販売,03-3269-2983,東京都新宿区神楽坂4-2,,0
970,神楽坂,神楽坂通り商店会,1,1,炭寅神楽坂店,居酒屋・ダイニングバー,03-3513-0985,東京都新宿区神楽坂3-2 木村屋ビルB1F,https://sumitora.jp/?page_id=259,0
971,神楽坂,神楽坂通り商店会,1,1,相馬屋源四郎商店,文具店,03-3260-2345,東京都新宿区神楽坂5-5,http://www.soumaya.co.jp,0
972,神楽坂,神楽坂通り商店会,1,1,神楽坂　龍公亭,中華料理・韓国料理,03-3260-4848,東京都新宿区神楽坂3-5 龍公亭ビル,https://www.ryukoutei/,0
973,神楽坂,神楽坂通り商店会,1,1,神楽坂ウォレテリアＹＡＭＡＴＯＵ,靴・バッグ販売,03-5579-8377,東京都新宿区神楽坂5-32   1F,https://shop-yamatou.com/,0
974,神楽坂,神楽坂通り商店会,1,1,神楽坂五十番総本店,食料品販売,03-5228-8450,東京都新宿区神楽坂4-3 近江屋ビル 1F,https://www.50ban.jp/home/sohonten/,0
975,神楽坂,神楽坂通り商店会,1,1,神楽坂梅花亭　ポルタ神楽坂店,その他小売店,03-3235-0808,東京都新宿区神楽坂2-6 PORTA神楽坂1F,https://www.baikatei.co.jp,0
976,神楽坂,神楽坂通り商店会,1,1,神楽坂矯正歯科クリニック,その他の業種,03-5228-0122,東京都新宿区神楽坂5-30-2-5F,http://www.kag-kyousei.com,0
977,神楽坂,神楽坂通り商店会,1,1,神楽坂銘茶　楽山　神楽坂本店,食料品販売,03-3260-3401,東京都新宿区神楽坂4-3 楽山ビル1F,https://rakuzan.co.jp/,0
978,神楽坂,神楽坂通り商店会,1,1,近江屋,食料品販売,03-3260-2528,東京都新宿区神楽坂5-32,https://www.instagram.com/oumiyakagurazaka,0
979,神楽坂,神楽坂通り商店会,1,1,陶柿園,その他小売店,03-3260-6940,東京都新宿区神楽坂2-12 陶柿園ビル1階,,0
980,神楽坂,神楽坂通り商店会,1,1,香舗　椿屋,その他小売店,03-5261-0019,東京都新宿区神楽坂3-6-10,https://per-fume.jp/,0
981,神楽坂,神楽坂通り商店会,1,1,鮨 酒 肴　杉玉 神楽坂,寿司,03-5206-3633,東京都新宿区神楽坂4-2 阿波屋ビル1F,https://www.sugidama-sushiizakaya.jp/shop/61/,0
982,神楽坂,神楽坂仲通り商店会,1,1,bar Jug,バー・スナック・パブ,03-5261-1161,東京都新宿区神楽坂3-3 クレール神楽坂VI　1F,https://tabelog.com/tokyo/A1309/A130905/13035721/?msockid=3adf8e1292ed6744257a981193e86683,0
983,神楽坂,神楽坂仲通り商店会,1,0,MAKANAI神楽坂本店,日用雑貨販売,03-3235-7663,東京都新宿区神楽坂3-1,https://makanaibeauty.jp/,0
984,神楽坂,神楽坂仲通り商店会,1,1,Spicier,喫茶店・カフェ,090-2324-5830,東京都新宿区神楽坂3-2-33-102,,0
985,神楽坂,神楽坂仲通り商店会,1,1,TREES,洋食・レストラン,03-3266-1666,東京都新宿区神楽坂3-1 クレール神楽坂Ⅱ　B1F,https://trees-kgrzk.com/,0
986,神楽坂,神楽坂仲通り商店会,1,0,いなげや飯田橋店,スーパーマーケット,03-5206-3205,東京都新宿区新小川町4-11 飯田橋ガーデン,,0
987,神楽坂,神楽坂仲通り商店会,1,1,ブティック　ココカルコ,婦人服販売,03-3235-1447,東京都新宿区神楽坂3-1 松本ハイツ1F,,0
988,神楽坂,神楽坂仲通り商店会,1,0,マルエツプチ飯田橋店,スーパーマーケット,03-5225-4688,東京都新宿区揚場町2-20,,0
989,神楽坂,神楽坂仲通り商店会,1,1,神楽坂から揚げ斉唐,食料品販売,03-6280-8132,東京都新宿区神楽坂2-12-1 ラインビルド神楽坂1F,https://www.saitou-kara.com/,0
990,神楽坂,本多横丁商店会,1,1,Buona Carne,居酒屋・ダイニングバー,03-6265-3510,東京都新宿区神楽坂3-2-1 actoビル1階,,0
991,神楽坂,本多横丁商店会,1,1,Craft Tea Bar 丹,喫茶店・カフェ,070-5363-0413,東京都新宿区神楽坂3-2-50 サンク本多横丁ビル3F,,0
992,神楽坂,本多横丁商店会,1,1,Ｓｏｂａ　ｄｉｎｉｎｇ　和み,そば・うどん,03-3267-5666,東京都新宿区神楽坂3-2-31 大宗第3ビル2階,http://www.nagomi-soba.jp,0
993,神楽坂,本多横丁商店会,1,1,うなぎや　神楽,和食・大衆食堂,03-6780-3267,東京都新宿区神楽坂4-3,,0
994,神楽坂,本多横丁商店会,1,1,おばんざいおてて,その他飲食店,03-4400-7260,東京都新宿区神楽坂3-2-50 サンク本多横丁ビル2階,,0
995,神楽坂,本多横丁商店会,1,1,クワトロチェント,フレンチ・イタリアン,03-5228-5058,東京都新宿区神楽坂4-3 近江屋ビル2階,,0
996,神楽坂,本多横丁商店会,1,1,八千代鮨,寿司,03-3260-6389,東京都新宿区神楽坂3-1 八千代鮨,,0
997,神楽坂,本多横丁商店会,1,1,地中海バル　マンワール,洋食・レストラン,03-6228-1420,東京都新宿区神楽坂3-2-39 神楽坂MKビルMB1f,https://manvar-kagurazaka.com/,0
998,神楽坂,本多横丁商店会,1,1,天ぷら　喜楽,和食・大衆食堂,03-3260-6626,東京都新宿区神楽坂3-2,,0
999,神楽坂,本多横丁商店会,1,1,神楽坂斗南（旧日本料理斗南）,和食・大衆食堂,03-6228-1984,東京都新宿区神楽坂3-2-31 大宗第3ビル1F,https://www.wa-tonami.jp,0
